x,y,psi,r,u,v,X,Y,N,tau_cmd_surge,tau_cmd_sway,tau_cmd_yaw,alpha_VSP2,omega_VSP1,omega_VSP2,alpha_VSP1,u_BT,u_VSP1,u_VSP2,ArrowDo,ArrowLeft,ArrowRig,ArrowUP,Circle,L1,L2,L2_discret,L3,PosXLeft,PosXRight,PosYLeft,PosYRight,R1,R2,R2_discret,R3,Select,Square,Start,Triangle,X_1
5515.472274,-3713.544725,77.128523,0.038097,-0.153733,0.026274,0.000000,0.000000,0.000000,-0.000000,0.000000,0.000000,0.000000,0.300000,0.300000,0.000000,0.000000,0.000000,0.000000,0.000000,0.000000,0.000000,0.000000,0.000000,0.000000,-1.000000,0.000000,0.000000,0.000000,0.000000,0.000000,0.000000,0.000000,-1.000000,0.000000,0.000000,0.000000,0.000000,0.000000,0.000000,0.000000
5514.874488,-3714.984666,77.150317,0.037977,-0.153642,0.026183,0.000000,0.000000,0.000000,-0.000000,0.000000,0.000000,0.000000,0.300000,0.300000,0.000000,0.000000,0.000000,0.000000,0.000000,0.000000,0.000000,0.000000,0.000000,0.000000,-1.000000,0.000000,0.000000,0.000000,0.000000,0.000000,0.000000,0.000000,-1.000000,0.000000,0.000000,0.000000,0.000000,0.000000,0.000000,0.000000
5514.278341,-3716.424144,77.172042,0.037857,-0.153550,0.026092,0.000000,0.000000,0.000000,-0.000000,0.000000,0.000000,0.000000,0.300000,0.300000,0.000000,0.000000,0.000000,0.000000,0.000000,0.000000,0.000000,0.000000,0.000000,0.000000,-1.000000,0.000000,0.000000,0.000000,0.000000,0.000000,0.000000,0.000000,-1.000000,0.000000,0.000000,0.000000,0.000000,0.000000,0.000000,0.000000
5513.683826,-3717.863157,77.193698,0.037738,-0.153459,0.026002,0.000000,0.000000,0.000000,-0.000000,0.000000,0.000000,0.000000,0.300000,0.300000,0.000000,0.000000,0.000000,0.000000,0.000000,0.000000,0.000000,0.000000,0.000000,0.000000,-1.000000,0.000000,0.000000,0.000000,0.000000,0.000000,0.000000,0.000000,-1.000000,0.000000,0.000000,0.000000,0.000000,0.000000,0.000000,0.000000
5513.090939,-3719.301705,77.215286,0.037618,-0.153368,0.025911,0.000000,0.000000,0.000000,-0.000000,0.000000,0.000000,0.000000,0.300000,0.300000,0.000000,0.000000,0.000000,0.000000,0.000000,0.000000,0.000000,0.000000,0.000000,0.000000,-1.000000,0.000000,0.000000,0.000000,0.000000,0.000000,0.000000,0.000000,-1.000000,0.000000,0.000000,0.000000,0.000000,0.000000,0.000000,0.000000
5512.499674,-3720.739786,77.236805,0.037500,-0.153277,0.025821,0.000000,0.000000,0.000000,-0.000000,0.000000,0.000000,0.000000,0.300000,0.300000,0.000000,0.000000,0.000000,0.000000,0.000000,0.000000,0.000000,0.000000,0.000000,0.000000,-1.000000,0.000000,0.000000,0.000000,0.000000,0.000000,0.000000,0.000000,-1.000000,0.000000,0.000000,0.000000,0.000000,0.000000,0.000000,0.000000
5511.910026,-3722.177401,77.258257,0.037381,-0.153186,0.025732,0.000000,0.000000,0.000000,-0.000000,0.000000,0.000000,0.000000,0.300000,0.300000,0.000000,0.000000,0.000000,0.000000,0.000000,0.000000,0.000000,0.000000,0.000000,0.000000,-1.000000,0.000000,0.000000,0.000000,0.000000,0.000000,0.000000,0.000000,-1.000000,0.000000,0.000000,0.000000,0.000000,0.000000,0.000000,0.000000
5511.321989,-3723.614547,77.279641,0.037263,-0.153095,0.025642,0.000000,0.000000,0.000000,-0.000000,0.000000,0.000000,0.000000,0.300000,0.300000,0.000000,0.000000,0.000000,0.000000,0.000000,0.000000,0.000000,0.000000,0.000000,0.000000,-1.000000,0.000000,0.000000,0.000000,0.000000,0.000000,0.000000,0.000000,-1.000000,0.000000,0.000000,0.000000,0.000000,0.000000,0.000000,0.000000
5510.735559,-3725.051225,77.300957,0.037144,-0.153004,0.025553,0.000000,0.000000,0.000000,-0.000000,0.000000,0.000000,0.000000,0.300000,0.300000,0.000000,0.000000,0.000000,0.000000,0.000000,0.000000,0.000000,0.000000,0.000000,0.000000,-1.000000,0.000000,0.000000,0.000000,0.000000,0.000000,0.000000,0.000000,-1.000000,0.000000,0.000000,0.000000,0.000000,0.000000,0.000000,0.000000
5510.150730,-3726.487434,77.322205,0.037027,-0.152914,0.025464,0.000000,0.000000,0.000000,-0.000000,0.000000,0.000000,0.000000,0.300000,0.300000,0.000000,0.000000,0.000000,0.000000,0.000000,0.000000,0.000000,0.000000,0.000000,0.000000,-1.000000,0.000000,0.000000,0.000000,0.000000,0.000000,0.000000,0.000000,-1.000000,0.000000,0.000000,0.000000,0.000000,0.000000,0.000000,0.000000
5509.567498,-3727.923172,77.343386,0.036909,-0.152824,0.025375,0.000000,0.000000,0.000000,-0.000000,0.000000,0.000000,0.000000,0.300000,0.300000,0.000000,0.000000,0.000000,0.000000,0.000000,0.000000,0.000000,0.000000,0.000000,0.000000,-1.000000,0.000000,0.000000,0.000000,0.000000,0.000000,0.000000,0.000000,-1.000000,0.000000,0.000000,0.000000,0.000000,0.000000,0.000000,0.000000
5508.985856,-3729.358439,77.364500,0.036792,-0.152734,0.025287,0.000000,0.000000,0.000000,-0.000000,0.000000,0.000000,0.000000,0.300000,0.300000,0.000000,0.000000,0.000000,0.000000,0.000000,0.000000,0.000000,0.000000,0.000000,0.000000,-1.000000,0.000000,0.000000,0.000000,0.000000,0.000000,0.000000,0.000000,-1.000000,0.000000,0.000000,0.000000,0.000000,0.000000,0.000000,0.000000
5508.405799,-3730.793235,77.385547,0.036675,-0.152644,0.025199,0.000000,0.000000,0.000000,-0.000000,0.000000,0.000000,0.000000,0.300000,0.300000,0.000000,0.000000,0.000000,0.000000,0.000000,0.000000,0.000000,0.000000,0.000000,0.000000,-1.000000,0.000000,0.000000,0.000000,0.000000,0.000000,0.000000,0.000000,-1.000000,0.000000,0.000000,0.000000,0.000000,0.000000,0.000000,0.000000
5507.827324,-3732.227558,77.406527,0.036558,-0.152554,0.025111,0.000000,0.000000,0.000000,-0.000000,0.000000,0.000000,0.000000,0.300000,0.300000,0.000000,0.000000,0.000000,0.000000,0.000000,0.000000,0.000000,0.000000,0.000000,0.000000,-1.000000,0.000000,0.000000,0.000000,0.000000,0.000000,0.000000,0.000000,-1.000000,0.000000,0.000000,0.000000,0.000000,0.000000,0.000000,0.000000
5507.250423,-3733.661408,77.427440,0.036442,-0.152464,0.025024,0.000000,0.000000,0.000000,-0.000000,0.000000,0.000000,0.000000,0.300000,0.300000,0.000000,0.000000,0.000000,0.000000,0.000000,0.000000,0.000000,0.000000,0.000000,0.000000,-1.000000,0.000000,0.000000,0.000000,0.000000,0.000000,0.000000,0.000000,-1.000000,0.000000,0.000000,0.000000,0.000000,0.000000,0.000000,0.000000
5506.675093,-3735.094783,77.448286,0.036326,-0.152375,0.024936,0.000000,0.000000,0.000000,-0.000000,0.000000,0.000000,0.000000,0.300000,0.300000,0.000000,0.000000,0.000000,0.000000,0.000000,0.000000,0.000000,0.000000,0.000000,0.000000,-1.000000,0.000000,0.000000,0.000000,0.000000,0.000000,0.000000,0.000000,-1.000000,0.000000,0.000000,0.000000,0.000000,0.000000,0.000000,0.000000
5506.101328,-3736.527684,77.469066,0.036210,-0.152285,0.024850,0.000000,0.000000,0.000000,-0.000000,0.000000,0.000000,0.000000,0.300000,0.300000,0.000000,0.000000,0.000000,0.000000,0.000000,0.000000,0.000000,0.000000,0.000000,0.000000,-1.000000,0.000000,0.000000,0.000000,0.000000,0.000000,0.000000,0.000000,-1.000000,0.000000,0.000000,0.000000,0.000000,0.000000,0.000000,0.000000
5505.529123,-3737.960110,77.489779,0.036094,-0.152196,0.024763,0.000000,0.000000,0.000000,-0.000000,0.000000,0.000000,0.000000,0.300000,0.300000,0.000000,0.000000,0.000000,0.000000,0.000000,0.000000,0.000000,0.000000,0.000000,0.000000,-1.000000,0.000000,0.000000,0.000000,0.000000,0.000000,0.000000,0.000000,-1.000000,0.000000,0.000000,0.000000,0.000000,0.000000,0.000000,0.000000
5504.958473,-3739.392059,77.510427,0.035979,-0.152107,0.024676,0.000000,0.000000,0.000000,-0.000000,0.000000,0.000000,0.000000,0.300000,0.300000,0.000000,0.000000,0.000000,0.000000,0.000000,0.000000,0.000000,0.000000,0.000000,0.000000,-1.000000,0.000000,0.000000,0.000000,0.000000,0.000000,0.000000,0.000000,-1.000000,0.000000,0.000000,0.000000,0.000000,0.000000,0.000000,0.000000
5504.389372,-3740.823531,77.531008,0.035864,-0.152018,0.024590,0.000000,0.000000,0.000000,-0.000000,0.000000,0.000000,0.000000,0.300000,0.300000,0.000000,0.000000,0.000000,0.000000,0.000000,0.000000,0.000000,0.000000,0.000000,0.000000,-1.000000,0.000000,0.000000,0.000000,0.000000,0.000000,0.000000,0.000000,-1.000000,0.000000,0.000000,0.000000,0.000000,0.000000,0.000000,0.000000
5503.821817,-3742.254525,77.551524,0.035749,-0.151930,0.024504,0.000000,0.000000,0.000000,-0.000000,0.000000,0.000000,0.000000,0.300000,0.300000,0.000000,0.000000,0.000000,0.000000,0.000000,0.000000,0.000000,0.000000,0.000000,0.000000,-1.000000,0.000000,0.000000,0.000000,0.000000,0.000000,0.000000,0.000000,-1.000000,0.000000,0.000000,0.000000,0.000000,0.000000,0.000000,0.000000
5503.255801,-3743.685041,77.571974,0.035635,-0.151841,0.024419,0.000000,0.000000,0.000000,-0.000000,0.000000,0.000000,0.000000,0.300000,0.300000,0.000000,0.000000,0.000000,0.000000,0.000000,0.000000,0.000000,0.000000,0.000000,0.000000,-1.000000,0.000000,0.000000,0.000000,0.000000,0.000000,0.000000,0.000000,-1.000000,0.000000,0.000000,0.000000,0.000000,0.000000,0.000000,0.000000
5502.691320,-3745.115078,77.592359,0.035521,-0.151753,0.024333,0.000000,0.000000,0.000000,-0.000000,0.000000,0.000000,0.000000,0.300000,0.300000,0.000000,0.000000,0.000000,0.000000,0.000000,0.000000,0.000000,0.000000,0.000000,0.000000,-1.000000,0.000000,0.000000,0.000000,0.000000,0.000000,0.000000,0.000000,-1.000000,0.000000,0.000000,0.000000,0.000000,0.000000,0.000000,0.000000
5502.128368,-3746.544635,77.612678,0.035407,-0.151664,0.024248,0.000000,0.000000,0.000000,-0.000000,0.000000,0.000000,0.000000,0.300000,0.300000,0.000000,0.000000,0.000000,0.000000,0.000000,0.000000,0.000000,0.000000,0.000000,0.000000,-1.000000,0.000000,0.000000,0.000000,0.000000,0.000000,0.000000,0.000000,-1.000000,0.000000,0.000000,0.000000,0.000000,0.000000,0.000000,0.000000
5501.566941,-3747.973711,77.632932,0.035293,-0.151576,0.024164,0.000000,0.000000,0.000000,-0.000000,0.000000,0.000000,0.000000,0.300000,0.300000,0.000000,0.000000,0.000000,0.000000,0.000000,0.000000,0.000000,0.000000,0.000000,0.000000,-1.000000,0.000000,0.000000,0.000000,0.000000,0.000000,0.000000,0.000000,-1.000000,0.000000,0.000000,0.000000,0.000000,0.000000,0.000000,0.000000
5501.007034,-3749.402306,77.653121,0.035180,-0.151488,0.024079,0.000000,0.000000,0.000000,-0.000000,0.000000,0.000000,0.000000,0.300000,0.300000,0.000000,0.000000,0.000000,0.000000,0.000000,0.000000,0.000000,0.000000,0.000000,0.000000,-1.000000,0.000000,0.000000,0.000000,0.000000,0.000000,0.000000,0.000000,-1.000000,0.000000,0.000000,0.000000,0.000000,0.000000,0.000000,0.000000
5500.448642,-3750.830419,77.673245,0.035067,-0.151400,0.023995,0.000000,0.000000,0.000000,-0.000000,0.000000,0.000000,0.000000,0.300000,0.300000,0.000000,0.000000,0.000000,0.000000,0.000000,0.000000,0.000000,0.000000,0.000000,0.000000,-1.000000,0.000000,0.000000,0.000000,0.000000,0.000000,0.000000,0.000000,-1.000000,0.000000,0.000000,0.000000,0.000000,0.000000,0.000000,0.000000
5499.891759,-3752.258049,77.693304,0.034954,-0.151312,0.023911,0.000000,0.000000,0.000000,-0.000000,0.000000,0.000000,0.000000,0.300000,0.300000,0.000000,0.000000,0.000000,0.000000,0.000000,0.000000,0.000000,0.000000,0.000000,0.000000,-1.000000,0.000000,0.000000,0.000000,0.000000,0.000000,0.000000,0.000000,-1.000000,0.000000,0.000000,0.000000,0.000000,0.000000,0.000000,0.000000
5499.336382,-3753.685196,77.713299,0.034841,-0.151225,0.023827,0.000000,0.000000,0.000000,-0.000000,0.000000,0.000000,0.000000,0.300000,0.300000,0.000000,0.000000,0.000000,0.000000,0.000000,0.000000,0.000000,0.000000,0.000000,0.000000,-1.000000,0.000000,0.000000,0.000000,0.000000,0.000000,0.000000,0.000000,-1.000000,0.000000,0.000000,0.000000,0.000000,0.000000,0.000000,0.000000
5498.782504,-3755.111859,77.733229,0.034729,-0.151137,0.023744,0.000000,0.000000,0.000000,-0.000000,0.000000,0.000000,0.000000,0.300000,0.300000,0.000000,0.000000,0.000000,0.000000,0.000000,0.000000,0.000000,0.000000,0.000000,0.000000,-1.000000,0.000000,0.000000,0.000000,0.000000,0.000000,0.000000,0.000000,-1.000000,0.000000,0.000000,0.000000,0.000000,0.000000,0.000000,0.000000
5498.230121,-3756.538037,77.753096,0.034617,-0.151050,0.023661,0.000000,0.000000,0.000000,-0.000000,0.000000,0.000000,0.000000,0.300000,0.300000,0.000000,0.000000,0.000000,0.000000,0.000000,0.000000,0.000000,0.000000,0.000000,0.000000,-1.000000,0.000000,0.000000,0.000000,0.000000,0.000000,0.000000,0.000000,-1.000000,0.000000,0.000000,0.000000,0.000000,0.000000,0.000000,0.000000
5497.679228,-3757.963730,77.772898,0.034505,-0.150963,0.023578,0.000000,0.000000,0.000000,-0.000000,0.000000,0.000000,0.000000,0.300000,0.300000,0.000000,0.000000,0.000000,0.000000,0.000000,0.000000,0.000000,0.000000,0.000000,0.000000,-1.000000,0.000000,0.000000,0.000000,0.000000,0.000000,0.000000,0.000000,-1.000000,0.000000,0.000000,0.000000,0.000000,0.000000,0.000000,0.000000
5497.129821,-3759.388937,77.792636,0.034394,-0.150876,0.023495,0.000000,0.000000,0.000000,-0.000000,0.000000,0.000000,0.000000,0.300000,0.300000,0.000000,0.000000,0.000000,0.000000,0.000000,0.000000,0.000000,0.000000,0.000000,0.000000,-1.000000,0.000000,0.000000,0.000000,0.000000,0.000000,0.000000,0.000000,-1.000000,0.000000,0.000000,0.000000,0.000000,0.000000,0.000000,0.000000
5496.581893,-3760.813657,77.812310,0.034283,-0.150789,0.023413,0.000000,0.000000,0.000000,-0.000000,0.000000,0.000000,0.000000,0.300000,0.300000,0.000000,0.000000,0.000000,0.000000,0.000000,0.000000,0.000000,0.000000,0.000000,0.000000,-1.000000,0.000000,0.000000,0.000000,0.000000,0.000000,0.000000,0.000000,-1.000000,0.000000,0.000000,0.000000,0.000000,0.000000,0.000000,0.000000
5496.035442,-3762.237889,77.831921,0.034172,-0.150702,0.023331,0.000000,0.000000,0.000000,-0.000000,0.000000,0.000000,0.000000,0.300000,0.300000,0.000000,0.000000,0.000000,0.000000,0.000000,0.000000,0.000000,0.000000,0.000000,0.000000,-1.000000,0.000000,0.000000,0.000000,0.000000,0.000000,0.000000,0.000000,-1.000000,0.000000,0.000000,0.000000,0.000000,0.000000,0.000000,0.000000
5495.490460,-3763.661634,77.851469,0.034061,-0.150616,0.023249,0.000000,0.000000,0.000000,-0.000000,0.000000,0.000000,0.000000,0.300000,0.300000,0.000000,0.000000,0.000000,0.000000,0.000000,0.000000,0.000000,0.000000,0.000000,0.000000,-1.000000,0.000000,0.000000,0.000000,0.000000,0.000000,0.000000,0.000000,-1.000000,0.000000,0.000000,0.000000,0.000000,0.000000,0.000000,0.000000
5494.946945,-3765.084890,77.870953,0.033951,-0.150529,0.023167,0.000000,0.000000,0.000000,-0.000000,0.000000,0.000000,0.000000,0.300000,0.300000,0.000000,0.000000,0.000000,0.000000,0.000000,0.000000,0.000000,0.000000,0.000000,0.000000,-1.000000,0.000000,0.000000,0.000000,0.000000,0.000000,0.000000,0.000000,-1.000000,0.000000,0.000000,0.000000,0.000000,0.000000,0.000000,0.000000
5494.404890,-3766.507656,77.890374,0.033841,-0.150443,0.023086,0.000000,0.000000,0.000000,-0.000000,0.000000,0.000000,0.000000,0.300000,0.300000,0.000000,0.000000,0.000000,0.000000,0.000000,0.000000,0.000000,0.000000,0.000000,0.000000,-1.000000,0.000000,0.000000,0.000000,0.000000,0.000000,0.000000,0.000000,-1.000000,0.000000,0.000000,0.000000,0.000000,0.000000,0.000000,0.000000
5493.864292,-3767.929933,77.909732,0.033731,-0.150357,0.023005,0.000000,0.000000,0.000000,-0.000000,0.000000,0.000000,0.000000,0.300000,0.300000,0.000000,0.000000,0.000000,0.000000,0.000000,0.000000,0.000000,0.000000,0.000000,0.000000,-1.000000,0.000000,0.000000,0.000000,0.000000,0.000000,0.000000,0.000000,-1.000000,0.000000,0.000000,0.000000,0.000000,0.000000,0.000000,0.000000
5493.325145,-3769.351719,77.929027,0.033622,-0.150271,0.022924,0.000000,0.000000,0.000000,-0.000000,0.000000,0.000000,0.000000,0.300000,0.300000,0.000000,0.000000,0.000000,0.000000,0.000000,0.000000,0.000000,0.000000,0.000000,0.000000,-1.000000,0.000000,0.000000,0.000000,0.000000,0.000000,0.000000,0.000000,-1.000000,0.000000,0.000000,0.000000,0.000000,0.000000,0.000000,0.000000
5492.787445,-3770.773013,77.948260,0.033513,-0.150185,0.022844,0.000000,0.000000,0.000000,-0.000000,0.000000,0.000000,0.000000,0.300000,0.300000,0.000000,0.000000,0.000000,0.000000,0.000000,0.000000,0.000000,0.000000,0.000000,0.000000,-1.000000,0.000000,0.000000,0.000000,0.000000,0.000000,0.000000,0.000000,-1.000000,0.000000,0.000000,0.000000,0.000000,0.000000,0.000000,0.000000
5492.251186,-3772.193816,77.967430,0.033404,-0.150099,0.022763,0.000000,0.000000,0.000000,-0.000000,0.000000,0.000000,0.000000,0.300000,0.300000,0.000000,0.000000,0.000000,0.000000,0.000000,0.000000,0.000000,0.000000,0.000000,0.000000,-1.000000,0.000000,0.000000,0.000000,0.000000,0.000000,0.000000,0.000000,-1.000000,0.000000,0.000000,0.000000,0.000000,0.000000,0.000000,0.000000
5491.716365,-3773.614126,77.986538,0.033295,-0.150013,0.022683,0.000000,0.000000,0.000000,-0.000000,0.000000,0.000000,0.000000,0.300000,0.300000,0.000000,0.000000,0.000000,0.000000,0.000000,0.000000,0.000000,0.000000,0.000000,0.000000,-1.000000,0.000000,0.000000,0.000000,0.000000,0.000000,0.000000,0.000000,-1.000000,0.000000,0.000000,0.000000,0.000000,0.000000,0.000000,0.000000
5491.182976,-3775.033944,78.005583,0.033187,-0.149928,0.022604,0.000000,0.000000,0.000000,-0.000000,0.000000,0.000000,0.000000,0.300000,0.300000,0.000000,0.000000,0.000000,0.000000,0.000000,0.000000,0.000000,0.000000,0.000000,0.000000,-1.000000,0.000000,0.000000,0.000000,0.000000,0.000000,0.000000,0.000000,-1.000000,0.000000,0.000000,0.000000,0.000000,0.000000,0.000000,0.000000
5490.651014,-3776.453267,78.024567,0.033079,-0.149842,0.022524,0.000000,0.000000,0.000000,-0.000000,0.000000,0.000000,0.000000,0.300000,0.300000,0.000000,0.000000,0.000000,0.000000,0.000000,0.000000,0.000000,0.000000,0.000000,0.000000,-1.000000,0.000000,0.000000,0.000000,0.000000,0.000000,0.000000,0.000000,-1.000000,0.000000,0.000000,0.000000,0.000000,0.000000,0.000000,0.000000
5490.120476,-3777.872097,78.043489,0.032971,-0.149757,0.022445,0.000000,0.000000,0.000000,-0.000000,0.000000,0.000000,0.000000,0.300000,0.300000,0.000000,0.000000,0.000000,0.000000,0.000000,0.000000,0.000000,0.000000,0.000000,0.000000,-1.000000,0.000000,0.000000,0.000000,0.000000,0.000000,0.000000,0.000000,-1.000000,0.000000,0.000000,0.000000,0.000000,0.000000,0.000000,0.000000
5489.591355,-3779.290431,78.062349,0.032863,-0.149672,0.022366,0.000000,0.000000,0.000000,-0.000000,0.000000,0.000000,0.000000,0.300000,0.300000,0.000000,0.000000,0.000000,0.000000,0.000000,0.000000,0.000000,0.000000,0.000000,0.000000,-1.000000,0.000000,0.000000,0.000000,0.000000,0.000000,0.000000,0.000000,-1.000000,0.000000,0.000000,0.000000,0.000000,0.000000,0.000000,0.000000
5489.063649,-3780.708270,78.081147,0.032756,-0.149587,0.022287,0.000000,0.000000,0.000000,-0.000000,0.000000,0.000000,0.000000,0.300000,0.300000,0.000000,0.000000,0.000000,0.000000,0.000000,0.000000,0.000000,0.000000,0.000000,0.000000,-1.000000,0.000000,0.000000,0.000000,0.000000,0.000000,0.000000,0.000000,-1.000000,0.000000,0.000000,0.000000,0.000000,0.000000,0.000000,0.000000
5488.537351,-3782.125613,78.099884,0.032649,-0.149502,0.022209,0.000000,0.000000,0.000000,-0.000000,0.000000,0.000000,0.000000,0.300000,0.300000,0.000000,0.000000,0.000000,0.000000,0.000000,0.000000,0.000000,0.000000,0.000000,0.000000,-1.000000,0.000000,0.000000,0.000000,0.000000,0.000000,0.000000,0.000000,-1.000000,0.000000,0.000000,0.000000,0.000000,0.000000,0.000000,0.000000
5488.012457,-3783.542459,78.118560,0.032542,-0.149417,0.022130,0.000000,0.000000,0.000000,-0.000000,0.000000,0.000000,0.000000,0.300000,0.300000,0.000000,0.000000,0.000000,0.000000,0.000000,0.000000,0.000000,0.000000,0.000000,0.000000,-1.000000,0.000000,0.000000,0.000000,0.000000,0.000000,0.000000,0.000000,-1.000000,0.000000,0.000000,0.000000,0.000000,0.000000,0.000000,0.000000
5487.488963,-3784.958808,78.137175,0.032436,-0.149333,0.022052,0.000000,0.000000,0.000000,-0.000000,0.000000,0.000000,0.000000,0.300000,0.300000,0.000000,0.000000,0.000000,0.000000,0.000000,0.000000,0.000000,0.000000,0.000000,0.000000,-1.000000,0.000000,0.000000,0.000000,0.000000,0.000000,0.000000,0.000000,-1.000000,0.000000,0.000000,0.000000,0.000000,0.000000,0.000000,0.000000
5486.966864,-3786.374659,78.155729,0.032330,-0.149248,0.021975,0.000000,0.000000,0.000000,-0.000000,0.000000,0.000000,0.000000,0.300000,0.300000,0.000000,0.000000,0.000000,0.000000,0.000000,0.000000,0.000000,0.000000,0.000000,0.000000,-1.000000,0.000000,0.000000,0.000000,0.000000,0.000000,0.000000,0.000000,-1.000000,0.000000,0.000000,0.000000,0.000000,0.000000,0.000000,0.000000
5486.446155,-3787.790012,78.174222,0.032224,-0.149164,0.021897,0.000000,0.000000,0.000000,-0.000000,0.000000,0.000000,0.000000,0.300000,0.300000,0.000000,0.000000,0.000000,0.000000,0.000000,0.000000,0.000000,0.000000,0.000000,0.000000,-1.000000,0.000000,0.000000,0.000000,0.000000,0.000000,0.000000,0.000000,-1.000000,0.000000,0.000000,0.000000,0.000000,0.000000,0.000000,0.000000
5485.926832,-3789.204866,78.192655,0.032118,-0.149080,0.021820,0.000000,0.000000,0.000000,-0.000000,0.000000,0.000000,0.000000,0.300000,0.300000,0.000000,0.000000,0.000000,0.000000,0.000000,0.000000,0.000000,0.000000,0.000000,0.000000,-1.000000,0.000000,0.000000,0.000000,0.000000,0.000000,0.000000,0.000000,-1.000000,0.000000,0.000000,0.000000,0.000000,0.000000,0.000000,0.000000
5485.408890,-3790.619220,78.211027,0.032013,-0.148995,0.021743,0.000000,0.000000,0.000000,-0.000000,0.000000,0.000000,0.000000,0.300000,0.300000,0.000000,0.000000,0.000000,0.000000,0.000000,0.000000,0.000000,0.000000,0.000000,0.000000,-1.000000,0.000000,0.000000,0.000000,0.000000,0.000000,0.000000,0.000000,-1.000000,0.000000,0.000000,0.000000,0.000000,0.000000,0.000000,0.000000
5484.892325,-3792.033074,78.229339,0.031908,-0.148912,0.021666,0.000000,0.000000,0.000000,-0.000000,0.000000,0.000000,0.000000,0.300000,0.300000,0.000000,0.000000,0.000000,0.000000,0.000000,0.000000,0.000000,0.000000,0.000000,0.000000,-1.000000,0.000000,0.000000,0.000000,0.000000,0.000000,0.000000,0.000000,-1.000000,0.000000,0.000000,0.000000,0.000000,0.000000,0.000000,0.000000
5484.377132,-3793.446428,78.247591,0.031803,-0.148828,0.021590,0.000000,0.000000,0.000000,-0.000000,0.000000,0.000000,0.000000,0.300000,0.300000,0.000000,0.000000,0.000000,0.000000,0.000000,0.000000,0.000000,0.000000,0.000000,0.000000,-1.000000,0.000000,0.000000,0.000000,0.000000,0.000000,0.000000,0.000000,-1.000000,0.000000,0.000000,0.000000,0.000000,0.000000,0.000000,0.000000
5483.863306,-3794.859280,78.265782,0.031698,-0.148744,0.021514,0.000000,0.000000,0.000000,-0.000000,0.000000,0.000000,0.000000,0.300000,0.300000,0.000000,0.000000,0.000000,0.000000,0.000000,0.000000,0.000000,0.000000,0.000000,0.000000,-1.000000,0.000000,0.000000,0.000000,0.000000,0.000000,0.000000,0.000000,-1.000000,0.000000,0.000000,0.000000,0.000000,0.000000,0.000000,0.000000
5483.350844,-3796.271631,78.283914,0.031594,-0.148660,0.021438,0.000000,0.000000,0.000000,-0.000000,0.000000,0.000000,0.000000,0.300000,0.300000,0.000000,0.000000,0.000000,0.000000,0.000000,0.000000,0.000000,0.000000,0.000000,0.000000,-1.000000,0.000000,0.000000,0.000000,0.000000,0.000000,0.000000,0.000000,-1.000000,0.000000,0.000000,0.000000,0.000000,0.000000,0.000000,0.000000
5482.839740,-3797.683479,78.301987,0.031490,-0.148577,0.021362,0.000000,0.000000,0.000000,-0.000000,0.000000,0.000000,0.000000,0.300000,0.300000,0.000000,0.000000,0.000000,0.000000,0.000000,0.000000,0.000000,0.000000,0.000000,0.000000,-1.000000,0.000000,0.000000,0.000000,0.000000,0.000000,0.000000,0.000000,-1.000000,0.000000,0.000000,0.000000,0.000000,0.000000,0.000000,0.000000
5482.329989,-3799.094825,78.319999,0.031386,-0.148494,0.021286,0.000000,0.000000,0.000000,-0.000000,0.000000,0.000000,0.000000,0.300000,0.300000,0.000000,0.000000,0.000000,0.000000,0.000000,0.000000,0.000000,0.000000,0.000000,0.000000,-1.000000,0.000000,0.000000,0.000000,0.000000,0.000000,0.000000,0.000000,-1.000000,0.000000,0.000000,0.000000,0.000000,0.000000,0.000000,0.000000
5481.821589,-3800.505667,78.337953,0.031283,-0.148410,0.021211,0.000000,0.000000,0.000000,-0.000000,0.000000,0.000000,0.000000,0.300000,0.300000,0.000000,0.000000,0.000000,0.000000,0.000000,0.000000,0.000000,0.000000,0.000000,0.000000,-1.000000,0.000000,0.000000,0.000000,0.000000,0.000000,0.000000,0.000000,-1.000000,0.000000,0.000000,0.000000,0.000000,0.000000,0.000000,0.000000
5481.314533,-3801.916006,78.355847,0.031180,-0.148327,0.021136,0.000000,0.000000,0.000000,-0.000000,0.000000,0.000000,0.000000,0.300000,0.300000,0.000000,0.000000,0.000000,0.000000,0.000000,0.000000,0.000000,0.000000,0.000000,0.000000,-1.000000,0.000000,0.000000,0.000000,0.000000,0.000000,0.000000,0.000000,-1.000000,0.000000,0.000000,0.000000,0.000000,0.000000,0.000000,0.000000
5480.808818,-3803.325840,78.373682,0.031077,-0.148244,0.021061,0.000000,0.000000,0.000000,-0.000000,0.000000,0.000000,0.000000,0.300000,0.300000,0.000000,0.000000,0.000000,0.000000,0.000000,0.000000,0.000000,0.000000,0.000000,0.000000,-1.000000,0.000000,0.000000,0.000000,0.000000,0.000000,0.000000,0.000000,-1.000000,0.000000,0.000000,0.000000,0.000000,0.000000,0.000000,0.000000
5480.304438,-3804.735169,78.391459,0.030974,-0.148161,0.020987,0.000000,0.000000,0.000000,-0.000000,0.000000,0.000000,0.000000,0.300000,0.300000,0.000000,0.000000,0.000000,0.000000,0.000000,0.000000,0.000000,0.000000,0.000000,0.000000,-1.000000,0.000000,0.000000,0.000000,0.000000,0.000000,0.000000,0.000000,-1.000000,0.000000,0.000000,0.000000,0.000000,0.000000,0.000000,0.000000
5479.801391,-3806.143992,78.409176,0.030872,-0.148079,0.020913,0.000000,0.000000,0.000000,-0.000000,0.000000,0.000000,0.000000,0.300000,0.300000,0.000000,0.000000,0.000000,0.000000,0.000000,0.000000,0.000000,0.000000,0.000000,0.000000,-1.000000,0.000000,0.000000,0.000000,0.000000,0.000000,0.000000,0.000000,-1.000000,0.000000,0.000000,0.000000,0.000000,0.000000,0.000000,0.000000
5479.299671,-3807.552310,78.426835,0.030770,-0.147996,0.020839,0.000000,0.000000,0.000000,-0.000000,0.000000,0.000000,0.000000,0.300000,0.300000,0.000000,0.000000,0.000000,0.000000,0.000000,0.000000,0.000000,0.000000,0.000000,0.000000,-1.000000,0.000000,0.000000,0.000000,0.000000,0.000000,0.000000,0.000000,-1.000000,0.000000,0.000000,0.000000,0.000000,0.000000,0.000000,0.000000
5478.799273,-3808.960121,78.444436,0.030668,-0.147913,0.020765,0.000000,0.000000,0.000000,-0.000000,0.000000,0.000000,0.000000,0.300000,0.300000,0.000000,0.000000,0.000000,0.000000,0.000000,0.000000,0.000000,0.000000,0.000000,0.000000,-1.000000,0.000000,0.000000,0.000000,0.000000,0.000000,0.000000,0.000000,-1.000000,0.000000,0.000000,0.000000,0.000000,0.000000,0.000000,0.000000
5478.300194,-3810.367426,78.461978,0.030567,-0.147831,0.020691,0.000000,0.000000,0.000000,-0.000000,0.000000,0.000000,0.000000,0.300000,0.300000,0.000000,0.000000,0.000000,0.000000,0.000000,0.000000,0.000000,0.000000,0.000000,0.000000,-1.000000,0.000000,0.000000,0.000000,0.000000,0.000000,0.000000,0.000000,-1.000000,0.000000,0.000000,0.000000,0.000000,0.000000,0.000000,0.000000
5477.802429,-3811.774223,78.479463,0.030465,-0.147749,0.020618,0.000000,0.000000,0.000000,-0.000000,0.000000,0.000000,0.000000,0.300000,0.300000,0.000000,0.000000,0.000000,0.000000,0.000000,0.000000,0.000000,0.000000,0.000000,0.000000,-1.000000,0.000000,0.000000,0.000000,0.000000,0.000000,0.000000,0.000000,-1.000000,0.000000,0.000000,0.000000,0.000000,0.000000,0.000000,0.000000
5477.305974,-3813.180511,78.496889,0.030364,-0.147667,0.020545,0.000000,0.000000,0.000000,-0.000000,0.000000,0.000000,0.000000,0.300000,0.300000,0.000000,0.000000,0.000000,0.000000,0.000000,0.000000,0.000000,0.000000,0.000000,0.000000,-1.000000,0.000000,0.000000,0.000000,0.000000,0.000000,0.000000,0.000000,-1.000000,0.000000,0.000000,0.000000,0.000000,0.000000,0.000000,0.000000
5476.810824,-3814.586292,78.514258,0.030264,-0.147585,0.020472,0.000000,0.000000,0.000000,-0.000000,0.000000,0.000000,0.000000,0.300000,0.300000,0.000000,0.000000,0.000000,0.000000,0.000000,0.000000,0.000000,0.000000,0.000000,0.000000,-1.000000,0.000000,0.000000,0.000000,0.000000,0.000000,0.000000,0.000000,-1.000000,0.000000,0.000000,0.000000,0.000000,0.000000,0.000000,0.000000
5476.316975,-3815.991564,78.531569,0.030163,-0.147503,0.020400,0.000000,0.000000,0.000000,-0.000000,0.000000,0.000000,0.000000,0.300000,0.300000,0.000000,0.000000,0.000000,0.000000,0.000000,0.000000,0.000000,0.000000,0.000000,0.000000,-1.000000,0.000000,0.000000,0.000000,0.000000,0.000000,0.000000,0.000000,-1.000000,0.000000,0.000000,0.000000,0.000000,0.000000,0.000000,0.000000
5475.824422,-3817.396326,78.548822,0.030063,-0.147421,0.020327,0.000000,0.000000,0.000000,-0.000000,0.000000,0.000000,0.000000,0.300000,0.300000,0.000000,0.000000,0.000000,0.000000,0.000000,0.000000,0.000000,0.000000,0.000000,0.000000,-1.000000,0.000000,0.000000,0.000000,0.000000,0.000000,0.000000,0.000000,-1.000000,0.000000,0.000000,0.000000,0.000000,0.000000,0.000000,0.000000
5475.333162,-3818.800578,78.566018,0.029963,-0.147339,0.020255,0.000000,0.000000,0.000000,-0.000000,0.000000,0.000000,0.000000,0.300000,0.300000,0.000000,0.000000,0.000000,0.000000,0.000000,0.000000,0.000000,0.000000,0.000000,0.000000,-1.000000,0.000000,0.000000,0.000000,0.000000,0.000000,0.000000,0.000000,-1.000000,0.000000,0.000000,0.000000,0.000000,0.000000,0.000000,0.000000
5474.843190,-3820.204320,78.583157,0.029863,-0.147258,0.020183,0.000000,0.000000,0.000000,-0.000000,0.000000,0.000000,0.000000,0.300000,0.300000,0.000000,0.000000,0.000000,0.000000,0.000000,0.000000,0.000000,0.000000,0.000000,0.000000,-1.000000,0.000000,0.000000,0.000000,0.000000,0.000000,0.000000,0.000000,-1.000000,0.000000,0.000000,0.000000,0.000000,0.000000,0.000000,0.000000
5474.354502,-3821.607551,78.600239,0.029764,-0.147176,0.020112,0.000000,0.000000,0.000000,-0.000000,0.000000,0.000000,0.000000,0.300000,0.300000,0.000000,0.000000,0.000000,0.000000,0.000000,0.000000,0.000000,0.000000,0.000000,0.000000,-1.000000,0.000000,0.000000,0.000000,0.000000,0.000000,0.000000,0.000000,-1.000000,0.000000,0.000000,0.000000,0.000000,0.000000,0.000000,0.000000
5473.867093,-3823.010271,78.617264,0.029665,-0.147095,0.020040,0.000000,0.000000,0.000000,-0.000000,0.000000,0.000000,0.000000,0.300000,0.300000,0.000000,0.000000,0.000000,0.000000,0.000000,0.000000,0.000000,0.000000,0.000000,0.000000,-1.000000,0.000000,0.000000,0.000000,0.000000,0.000000,0.000000,0.000000,-1.000000,0.000000,0.000000,0.000000,0.000000,0.000000,0.000000,0.000000
5473.380959,-3824.412479,78.634232,0.029566,-0.147014,0.019969,0.000000,0.000000,0.000000,-0.000000,0.000000,0.000000,0.000000,0.300000,0.300000,0.000000,0.000000,0.000000,0.000000,0.000000,0.000000,0.000000,0.000000,0.000000,0.000000,-1.000000,0.000000,0.000000,0.000000,0.000000,0.000000,0.000000,0.000000,-1.000000,0.000000,0.000000,0.000000,0.000000,0.000000,0.000000,0.000000
5472.896096,-3825.814175,78.651144,0.029467,-0.146933,0.019898,0.000000,0.000000,0.000000,-0.000000,0.000000,0.000000,0.000000,0.300000,0.300000,0.000000,0.000000,0.000000,0.000000,0.000000,0.000000,0.000000,0.000000,0.000000,0.000000,-1.000000,0.000000,0.000000,0.000000,0.000000,0.000000,0.000000,0.000000,-1.000000,0.000000,0.000000,0.000000,0.000000,0.000000,0.000000,0.000000
5472.412500,-3827.215359,78.667999,0.029369,-0.146852,0.019828,0.000000,0.000000,0.000000,-0.000000,0.000000,0.000000,0.000000,0.300000,0.300000,0.000000,0.000000,0.000000,0.000000,0.000000,0.000000,0.000000,0.000000,0.000000,0.000000,-1.000000,0.000000,0.000000,0.000000,0.000000,0.000000,0.000000,0.000000,-1.000000,0.000000,0.000000,0.000000,0.000000,0.000000,0.000000,0.000000
5471.930166,-3828.616029,78.684799,0.029271,-0.146771,0.019757,0.000000,0.000000,0.000000,-0.000000,0.000000,0.000000,0.000000,0.300000,0.300000,0.000000,0.000000,0.000000,0.000000,0.000000,0.000000,0.000000,0.000000,0.000000,0.000000,-1.000000,0.000000,0.000000,0.000000,0.000000,0.000000,0.000000,0.000000,-1.000000,0.000000,0.000000,0.000000,0.000000,0.000000,0.000000,0.000000
5471.449091,-3830.016185,78.701542,0.029173,-0.146690,0.019687,0.000000,0.000000,0.000000,-0.000000,0.000000,0.000000,0.000000,0.300000,0.300000,0.000000,0.000000,0.000000,0.000000,0.000000,0.000000,0.000000,0.000000,0.000000,0.000000,-1.000000,0.000000,0.000000,0.000000,0.000000,0.000000,0.000000,0.000000,-1.000000,0.000000,0.000000,0.000000,0.000000,0.000000,0.000000,0.000000
5470.969270,-3831.415828,78.718229,0.029076,-0.146609,0.019617,0.000000,0.000000,0.000000,-0.000000,0.000000,0.000000,0.000000,0.300000,0.300000,0.000000,0.000000,0.000000,0.000000,0.000000,0.000000,0.000000,0.000000,0.000000,0.000000,-1.000000,0.000000,0.000000,0.000000,0.000000,0.000000,0.000000,0.000000,-1.000000,0.000000,0.000000,0.000000,0.000000,0.000000,0.000000,0.000000
5470.490698,-3832.814956,78.734860,0.028978,-0.146529,0.019547,0.000000,0.000000,0.000000,-0.000000,0.000000,0.000000,0.000000,0.300000,0.300000,0.000000,0.000000,0.000000,0.000000,0.000000,0.000000,0.000000,0.000000,0.000000,0.000000,-1.000000,0.000000,0.000000,0.000000,0.000000,0.000000,0.000000,0.000000,-1.000000,0.000000,0.000000,0.000000,0.000000,0.000000,0.000000,0.000000
5470.013372,-3834.213569,78.751436,0.028881,-0.146448,0.019478,0.000000,0.000000,0.000000,-0.000000,0.000000,0.000000,0.000000,0.300000,0.300000,0.000000,0.000000,0.000000,0.000000,0.000000,0.000000,0.000000,0.000000,0.000000,0.000000,-1.000000,0.000000,0.000000,0.000000,0.000000,0.000000,0.000000,0.000000,-1.000000,0.000000,0.000000,0.000000,0.000000,0.000000,0.000000,0.000000
5469.537288,-3835.611667,78.767956,0.028785,-0.146368,0.019408,0.000000,0.000000,0.000000,-0.000000,0.000000,0.000000,0.000000,0.300000,0.300000,0.000000,0.000000,0.000000,0.000000,0.000000,0.000000,0.000000,0.000000,0.000000,0.000000,-1.000000,0.000000,0.000000,0.000000,0.000000,0.000000,0.000000,0.000000,-1.000000,0.000000,0.000000,0.000000,0.000000,0.000000,0.000000,0.000000
5469.062441,-3837.009250,78.784421,0.028688,-0.146288,0.019339,0.000000,0.000000,0.000000,-0.000000,0.000000,0.000000,0.000000,0.300000,0.300000,0.000000,0.000000,0.000000,0.000000,0.000000,0.000000,0.000000,0.000000,0.000000,0.000000,-1.000000,0.000000,0.000000,0.000000,0.000000,0.000000,0.000000,0.000000,-1.000000,0.000000,0.000000,0.000000,0.000000,0.000000,0.000000,0.000000
5468.588828,-3838.406316,78.800830,0.028592,-0.146208,0.019270,0.000000,0.000000,0.000000,-0.000000,0.000000,0.000000,0.000000,0.300000,0.300000,0.000000,0.000000,0.000000,0.000000,0.000000,0.000000,0.000000,0.000000,0.000000,0.000000,-1.000000,0.000000,0.000000,0.000000,0.000000,0.000000,0.000000,0.000000,-1.000000,0.000000,0.000000,0.000000,0.000000,0.000000,0.000000,0.000000
5468.116443,-3839.802865,78.817185,0.028496,-0.146128,0.019202,0.000000,0.000000,0.000000,-0.000000,0.000000,0.000000,0.000000,0.300000,0.300000,0.000000,0.000000,0.000000,0.000000,0.000000,0.000000,0.000000,0.000000,0.000000,0.000000,-1.000000,0.000000,0.000000,0.000000,0.000000,0.000000,0.000000,0.000000,-1.000000,0.000000,0.000000,0.000000,0.000000,0.000000,0.000000,0.000000
5467.645284,-3841.198898,78.833484,0.028401,-0.146048,0.019133,0.000000,0.000000,0.000000,-0.000000,0.000000,0.000000,0.000000,0.300000,0.300000,0.000000,0.000000,0.000000,0.000000,0.000000,0.000000,0.000000,0.000000,0.000000,0.000000,-1.000000,0.000000,0.000000,0.000000,0.000000,0.000000,0.000000,0.000000,-1.000000,0.000000,0.000000,0.000000,0.000000,0.000000,0.000000,0.000000
5467.175345,-3842.594413,78.849729,0.028305,-0.145968,0.019065,0.000000,0.000000,0.000000,-0.000000,0.000000,0.000000,0.000000,0.300000,0.300000,0.000000,0.000000,0.000000,0.000000,0.000000,0.000000,0.000000,0.000000,0.000000,0.000000,-1.000000,0.000000,0.000000,0.000000,0.000000,0.000000,0.000000,0.000000,-1.000000,0.000000,0.000000,0.000000,0.000000,0.000000,0.000000,0.000000
5466.706623,-3843.989410,78.865920,0.028210,-0.145888,0.018997,0.000000,0.000000,0.000000,-0.000000,0.000000,0.000000,0.000000,0.300000,0.300000,0.000000,0.000000,0.000000,0.000000,0.000000,0.000000,0.000000,0.000000,0.000000,0.000000,-1.000000,0.000000,0.000000,0.000000,0.000000,0.000000,0.000000,0.000000,-1.000000,0.000000,0.000000,0.000000,0.000000,0.000000,0.000000,0.000000
5466.239114,-3845.383889,78.882056,0.028115,-0.145809,0.018929,0.000000,0.000000,0.000000,-0.000000,0.000000,0.000000,0.000000,0.300000,0.300000,0.000000,0.000000,0.000000,0.000000,0.000000,0.000000,0.000000,0.000000,0.000000,0.000000,-1.000000,0.000000,0.000000,0.000000,0.000000,0.000000,0.000000,0.000000,-1.000000,0.000000,0.000000,0.000000,0.000000,0.000000,0.000000,0.000000
5465.772814,-3846.777850,78.898137,0.028021,-0.145729,0.018862,0.000000,0.000000,0.000000,-0.000000,0.000000,0.000000,0.000000,0.300000,0.300000,0.000000,0.000000,0.000000,0.000000,0.000000,0.000000,0.000000,0.000000,0.000000,0.000000,-1.000000,0.000000,0.000000,0.000000,0.000000,0.000000,0.000000,0.000000,-1.000000,0.000000,0.000000,0.000000,0.000000,0.000000,0.000000,0.000000
5465.307718,-3848.171291,78.914165,0.027926,-0.145650,0.018795,0.000000,0.000000,0.000000,-0.000000,0.000000,0.000000,0.000000,0.300000,0.300000,0.000000,0.000000,0.000000,0.000000,0.000000,0.000000,0.000000,0.000000,0.000000,0.000000,-1.000000,0.000000,0.000000,0.000000,0.000000,0.000000,0.000000,0.000000,-1.000000,0.000000,0.000000,0.000000,0.000000,0.000000,0.000000,0.000000
5464.843823,-3849.564213,78.930138,0.027832,-0.145571,0.018728,0.000000,0.000000,0.000000,-0.000000,0.000000,0.000000,0.000000,0.300000,0.300000,0.000000,0.000000,0.000000,0.000000,0.000000,0.000000,0.000000,0.000000,0.000000,0.000000,-1.000000,0.000000,0.000000,0.000000,0.000000,0.000000,0.000000,0.000000,-1.000000,0.000000,0.000000,0.000000,0.000000,0.000000,0.000000,0.000000
5464.381125,-3850.956616,78.946058,0.027738,-0.145491,0.018661,0.000000,0.000000,0.000000,-0.000000,0.000000,0.000000,0.000000,0.300000,0.300000,0.000000,0.000000,0.000000,0.000000,0.000000,0.000000,0.000000,0.000000,0.000000,0.000000,-1.000000,0.000000,0.000000,0.000000,0.000000,0.000000,0.000000,0.000000,-1.000000,0.000000,0.000000,0.000000,0.000000,0.000000,0.000000,0.000000
5463.919619,-3852.348498,78.961924,0.027645,-0.145412,0.018594,0.000000,0.000000,0.000000,-0.000000,0.000000,0.000000,0.000000,0.300000,0.300000,0.000000,0.000000,0.000000,0.000000,0.000000,0.000000,0.000000,0.000000,0.000000,0.000000,-1.000000,0.000000,0.000000,0.000000,0.000000,0.000000,0.000000,0.000000,-1.000000,0.000000,0.000000,0.000000,0.000000,0.000000,0.000000,0.000000
5463.459301,-3853.739859,78.977737,0.027551,-0.145333,0.018528,0.000000,0.000000,0.000000,-0.000000,0.000000,0.000000,0.000000,0.300000,0.300000,0.000000,0.000000,0.000000,0.000000,0.000000,0.000000,0.000000,0.000000,0.000000,0.000000,-1.000000,0.000000,0.000000,0.000000,0.000000,0.000000,0.000000,0.000000,-1.000000,0.000000,0.000000,0.000000,0.000000,0.000000,0.000000,0.000000
5463.000169,-3855.130700,78.993496,0.027458,-0.145255,0.018462,0.000000,0.000000,0.000000,-0.000000,0.000000,0.000000,0.000000,0.300000,0.300000,0.000000,0.000000,0.000000,0.000000,0.000000,0.000000,0.000000,0.000000,0.000000,0.000000,-1.000000,0.000000,0.000000,0.000000,0.000000,0.000000,0.000000,0.000000,-1.000000,0.000000,0.000000,0.000000,0.000000,0.000000,0.000000,0.000000
5462.542216,-3856.521019,79.009202,0.027366,-0.145176,0.018396,0.000000,0.000000,0.000000,-0.000000,0.000000,0.000000,0.000000,0.300000,0.300000,0.000000,0.000000,0.000000,0.000000,0.000000,0.000000,0.000000,0.000000,0.000000,0.000000,-1.000000,0.000000,0.000000,0.000000,0.000000,0.000000,0.000000,0.000000,-1.000000,0.000000,0.000000,0.000000,0.000000,0.000000,0.000000,0.000000
5462.085441,-3857.910816,79.024855,0.027273,-0.145097,0.018330,0.000000,0.000000,0.000000,-0.000000,0.000000,0.000000,0.000000,0.300000,0.300000,0.000000,0.000000,0.000000,0.000000,0.000000,0.000000,0.000000,0.000000,0.000000,0.000000,-1.000000,0.000000,0.000000,0.000000,0.000000,0.000000,0.000000,0.000000,-1.000000,0.000000,0.000000,0.000000,0.000000,0.000000,0.000000,0.000000
5461.629838,-3859.300092,79.040454,0.027181,-0.145019,0.018265,0.000000,0.000000,0.000000,-0.000000,0.000000,0.000000,0.000000,0.300000,0.300000,0.000000,0.000000,0.000000,0.000000,0.000000,0.000000,0.000000,0.000000,0.000000,0.000000,-1.000000,0.000000,0.000000,0.000000,0.000000,0.000000,0.000000,0.000000,-1.000000,0.000000,0.000000,0.000000,0.000000,0.000000,0.000000,0.000000
5461.175404,-3860.688845,79.056002,0.027089,-0.144940,0.018199,0.000000,0.000000,0.000000,-0.000000,0.000000,0.000000,0.000000,0.300000,0.300000,0.000000,0.000000,0.000000,0.000000,0.000000,0.000000,0.000000,0.000000,0.000000,0.000000,-1.000000,0.000000,0.000000,0.000000,0.000000,0.000000,0.000000,0.000000,-1.000000,0.000000,0.000000,0.000000,0.000000,0.000000,0.000000,0.000000
5460.722135,-3862.077075,79.071496,0.026997,-0.144862,0.018134,0.000000,0.000000,0.000000,-0.000000,0.000000,0.000000,0.000000,0.300000,0.300000,0.000000,0.000000,0.000000,0.000000,0.000000,0.000000,0.000000,0.000000,0.000000,0.000000,-1.000000,0.000000,0.000000,0.000000,0.000000,0.000000,0.000000,0.000000,-1.000000,0.000000,0.000000,0.000000,0.000000,0.000000,0.000000,0.000000
5460.270026,-3863.464782,79.086938,0.026906,-0.144784,0.018069,0.000000,0.000000,0.000000,-0.000000,0.000000,0.000000,0.000000,0.300000,0.300000,0.000000,0.000000,0.000000,0.000000,0.000000,0.000000,0.000000,0.000000,0.000000,0.000000,-1.000000,0.000000,0.000000,0.000000,0.000000,0.000000,0.000000,0.000000,-1.000000,0.000000,0.000000,0.000000,0.000000,0.000000,0.000000,0.000000
5459.819075,-3864.851965,79.102328,0.026814,-0.144706,0.018005,0.000000,0.000000,0.000000,-0.000000,0.000000,0.000000,0.000000,0.300000,0.300000,0.000000,0.000000,0.000000,0.000000,0.000000,0.000000,0.000000,0.000000,0.000000,0.000000,-1.000000,0.000000,0.000000,0.000000,0.000000,0.000000,0.000000,0.000000,-1.000000,0.000000,0.000000,0.000000,0.000000,0.000000,0.000000,0.000000
5459.369277,-3866.238625,79.117665,0.026723,-0.144628,0.017940,0.000000,0.000000,0.000000,-0.000000,0.000000,0.000000,0.000000,0.300000,0.300000,0.000000,0.000000,0.000000,0.000000,0.000000,0.000000,0.000000,0.000000,0.000000,0.000000,-1.000000,0.000000,0.000000,0.000000,0.000000,0.000000,0.000000,0.000000,-1.000000,0.000000,0.000000,0.000000,0.000000,0.000000,0.000000,0.000000
5458.920628,-3867.624760,79.132950,0.026633,-0.144550,0.017876,0.000000,0.000000,0.000000,-0.000000,0.000000,0.000000,0.000000,0.300000,0.300000,0.000000,0.000000,0.000000,0.000000,0.000000,0.000000,0.000000,0.000000,0.000000,0.000000,-1.000000,0.000000,0.000000,0.000000,0.000000,0.000000,0.000000,0.000000,-1.000000,0.000000,0.000000,0.000000,0.000000,0.000000,0.000000,0.000000
5458.473124,-3869.010371,79.148184,0.026542,-0.144472,0.017812,0.000000,0.000000,0.000000,-0.000000,0.000000,0.000000,0.000000,0.300000,0.300000,0.000000,0.000000,0.000000,0.000000,0.000000,0.000000,0.000000,0.000000,0.000000,0.000000,-1.000000,0.000000,0.000000,0.000000,0.000000,0.000000,0.000000,0.000000,-1.000000,0.000000,0.000000,0.000000,0.000000,0.000000,0.000000,0.000000
5458.026762,-3870.395457,79.163366,0.026452,-0.144394,0.017748,0.000000,0.000000,0.000000,-0.000000,0.000000,0.000000,0.000000,0.300000,0.300000,0.000000,0.000000,0.000000,0.000000,0.000000,0.000000,0.000000,0.000000,0.000000,0.000000,-1.000000,0.000000,0.000000,0.000000,0.000000,0.000000,0.000000,0.000000,-1.000000,0.000000,0.000000,0.000000,0.000000,0.000000,0.000000,0.000000
5457.581538,-3871.780017,79.178496,0.026362,-0.144316,0.017685,0.000000,0.000000,0.000000,-0.000000,0.000000,0.000000,0.000000,0.300000,0.300000,0.000000,0.000000,0.000000,0.000000,0.000000,0.000000,0.000000,0.000000,0.000000,0.000000,-1.000000,0.000000,0.000000,0.000000,0.000000,0.000000,0.000000,0.000000,-1.000000,0.000000,0.000000,0.000000,0.000000,0.000000,0.000000,0.000000
5457.137448,-3873.164052,79.193574,0.026272,-0.144239,0.017621,0.000000,0.000000,0.000000,-0.000000,0.000000,0.000000,0.000000,0.300000,0.300000,0.000000,0.000000,0.000000,0.000000,0.000000,0.000000,0.000000,0.000000,0.000000,0.000000,-1.000000,0.000000,0.000000,0.000000,0.000000,0.000000,0.000000,0.000000,-1.000000,0.000000,0.000000,0.000000,0.000000,0.000000,0.000000,0.000000
5456.694487,-3874.547562,79.208602,0.026183,-0.144162,0.017558,0.000000,0.000000,0.000000,-0.000000,0.000000,0.000000,0.000000,0.300000,0.300000,0.000000,0.000000,0.000000,0.000000,0.000000,0.000000,0.000000,0.000000,0.000000,0.000000,-1.000000,0.000000,0.000000,0.000000,0.000000,0.000000,0.000000,0.000000,-1.000000,0.000000,0.000000,0.000000,0.000000,0.000000,0.000000,0.000000
5456.252653,-3875.930544,79.223578,0.026094,-0.144084,0.017495,0.000000,0.000000,0.000000,-0.000000,0.000000,0.000000,0.000000,0.300000,0.300000,0.000000,0.000000,0.000000,0.000000,0.000000,0.000000,0.000000,0.000000,0.000000,0.000000,-1.000000,0.000000,0.000000,0.000000,0.000000,0.000000,0.000000,0.000000,-1.000000,0.000000,0.000000,0.000000,0.000000,0.000000,0.000000,0.000000
5455.811942,-3877.313001,79.238503,0.026005,-0.144007,0.017433,0.000000,0.000000,0.000000,-0.000000,0.000000,0.000000,0.000000,0.300000,0.300000,0.000000,0.000000,0.000000,0.000000,0.000000,0.000000,0.000000,0.000000,0.000000,0.000000,-1.000000,0.000000,0.000000,0.000000,0.000000,0.000000,0.000000,0.000000,-1.000000,0.000000,0.000000,0.000000,0.000000,0.000000,0.000000,0.000000
5455.372349,-3878.694930,79.253377,0.025916,-0.143930,0.017370,0.000000,0.000000,0.000000,-0.000000,0.000000,0.000000,0.000000,0.300000,0.300000,0.000000,0.000000,0.000000,0.000000,0.000000,0.000000,0.000000,0.000000,0.000000,0.000000,-1.000000,0.000000,0.000000,0.000000,0.000000,0.000000,0.000000,0.000000,-1.000000,0.000000,0.000000,0.000000,0.000000,0.000000,0.000000,0.000000
5454.933871,-3880.076332,79.268201,0.025828,-0.143853,0.017308,0.000000,0.000000,0.000000,-0.000000,0.000000,0.000000,0.000000,0.300000,0.300000,0.000000,0.000000,0.000000,0.000000,0.000000,0.000000,0.000000,0.000000,0.000000,0.000000,-1.000000,0.000000,0.000000,0.000000,0.000000,0.000000,0.000000,0.000000,-1.000000,0.000000,0.000000,0.000000,0.000000,0.000000,0.000000,0.000000
5454.496504,-3881.457207,79.282974,0.025740,-0.143776,0.017246,0.000000,0.000000,0.000000,-0.000000,0.000000,0.000000,0.000000,0.300000,0.300000,0.000000,0.000000,0.000000,0.000000,0.000000,0.000000,0.000000,0.000000,0.000000,0.000000,-1.000000,0.000000,0.000000,0.000000,0.000000,0.000000,0.000000,0.000000,-1.000000,0.000000,0.000000,0.000000,0.000000,0.000000,0.000000,0.000000
5454.060244,-3882.837553,79.297696,0.025652,-0.143699,0.017184,0.000000,0.000000,0.000000,-0.000000,0.000000,0.000000,0.000000,0.300000,0.300000,0.000000,0.000000,0.000000,0.000000,0.000000,0.000000,0.000000,0.000000,0.000000,0.000000,-1.000000,0.000000,0.000000,0.000000,0.000000,0.000000,0.000000,0.000000,-1.000000,0.000000,0.000000,0.000000,0.000000,0.000000,0.000000,0.000000
5453.625089,-3884.217372,79.312369,0.025564,-0.143622,0.017122,0.000000,0.000000,0.000000,-0.000000,0.000000,0.000000,0.000000,0.300000,0.300000,0.000000,0.000000,0.000000,0.000000,0.000000,0.000000,0.000000,0.000000,0.000000,0.000000,-1.000000,0.000000,0.000000,0.000000,0.000000,0.000000,0.000000,0.000000,-1.000000,0.000000,0.000000,0.000000,0.000000,0.000000,0.000000,0.000000
5453.191033,-3885.596662,79.326991,0.025477,-0.143546,0.017061,0.000000,0.000000,0.000000,-0.000000,0.000000,0.000000,0.000000,0.300000,0.300000,0.000000,0.000000,0.000000,0.000000,0.000000,0.000000,0.000000,0.000000,0.000000,0.000000,-1.000000,0.000000,0.000000,0.000000,0.000000,0.000000,0.000000,0.000000,-1.000000,0.000000,0.000000,0.000000,0.000000,0.000000,0.000000,0.000000
5452.758073,-3886.975423,79.341563,0.025390,-0.143469,0.016999,0.000000,0.000000,0.000000,-0.000000,0.000000,0.000000,0.000000,0.300000,0.300000,0.000000,0.000000,0.000000,0.000000,0.000000,0.000000,0.000000,0.000000,0.000000,0.000000,-1.000000,0.000000,0.000000,0.000000,0.000000,0.000000,0.000000,0.000000,-1.000000,0.000000,0.000000,0.000000,0.000000,0.000000,0.000000,0.000000
5452.326206,-3888.353656,79.356085,0.025303,-0.143393,0.016938,0.000000,0.000000,0.000000,-0.000000,0.000000,0.000000,0.000000,0.300000,0.300000,0.000000,0.000000,0.000000,0.000000,0.000000,0.000000,0.000000,0.000000,0.000000,0.000000,-1.000000,0.000000,0.000000,0.000000,0.000000,0.000000,0.000000,0.000000,-1.000000,0.000000,0.000000,0.000000,0.000000,0.000000,0.000000,0.000000
5451.895428,-3889.731359,79.370558,0.025216,-0.143316,0.016878,0.000000,0.000000,0.000000,-0.000000,0.000000,0.000000,0.000000,0.300000,0.300000,0.000000,0.000000,0.000000,0.000000,0.000000,0.000000,0.000000,0.000000,0.000000,0.000000,-1.000000,0.000000,0.000000,0.000000,0.000000,0.000000,0.000000,0.000000,-1.000000,0.000000,0.000000,0.000000,0.000000,0.000000,0.000000,0.000000
5451.465735,-3891.108532,79.384981,0.025130,-0.143240,0.016817,0.000000,0.000000,0.000000,-0.000000,0.000000,0.000000,0.000000,0.300000,0.300000,0.000000,0.000000,0.000000,0.000000,0.000000,0.000000,0.000000,0.000000,0.000000,0.000000,-1.000000,0.000000,0.000000,0.000000,0.000000,0.000000,0.000000,0.000000,-1.000000,0.000000,0.000000,0.000000,0.000000,0.000000,0.000000,0.000000
5451.037124,-3892.485175,79.399354,0.025043,-0.143164,0.016756,0.000000,0.000000,0.000000,-0.000000,0.000000,0.000000,0.000000,0.300000,0.300000,0.000000,0.000000,0.000000,0.000000,0.000000,0.000000,0.000000,0.000000,0.000000,0.000000,-1.000000,0.000000,0.000000,0.000000,0.000000,0.000000,0.000000,0.000000,-1.000000,0.000000,0.000000,0.000000,0.000000,0.000000,0.000000,0.000000
5450.609590,-3893.861288,79.413678,0.024958,-0.143088,0.016696,0.000000,0.000000,0.000000,-0.000000,0.000000,0.000000,0.000000,0.300000,0.300000,0.000000,0.000000,0.000000,0.000000,0.000000,0.000000,0.000000,0.000000,0.000000,0.000000,-1.000000,0.000000,0.000000,0.000000,0.000000,0.000000,0.000000,0.000000,-1.000000,0.000000,0.000000,0.000000,0.000000,0.000000,0.000000,0.000000
5450.183131,-3895.236870,79.427953,0.024872,-0.143012,0.016636,0.000000,0.000000,0.000000,-0.000000,0.000000,0.000000,0.000000,0.300000,0.300000,0.000000,0.000000,0.000000,0.000000,0.000000,0.000000,0.000000,0.000000,0.000000,0.000000,-1.000000,0.000000,0.000000,0.000000,0.000000,0.000000,0.000000,0.000000,-1.000000,0.000000,0.000000,0.000000,0.000000,0.000000,0.000000,0.000000
5449.757742,-3896.611922,79.442179,0.024787,-0.142936,0.016576,0.000000,0.000000,0.000000,-0.000000,0.000000,0.000000,0.000000,0.300000,0.300000,0.000000,0.000000,0.000000,0.000000,0.000000,0.000000,0.000000,0.000000,0.000000,0.000000,-1.000000,0.000000,0.000000,0.000000,0.000000,0.000000,0.000000,0.000000,-1.000000,0.000000,0.000000,0.000000,0.000000,0.000000,0.000000,0.000000
5449.333421,-3897.986442,79.456357,0.024701,-0.142860,0.016517,0.000000,0.000000,0.000000,-0.000000,0.000000,0.000000,0.000000,0.300000,0.300000,0.000000,0.000000,0.000000,0.000000,0.000000,0.000000,0.000000,0.000000,0.000000,0.000000,-1.000000,0.000000,0.000000,0.000000,0.000000,0.000000,0.000000,0.000000,-1.000000,0.000000,0.000000,0.000000,0.000000,0.000000,0.000000,0.000000
5448.910162,-3899.360431,79.470485,0.024616,-0.142784,0.016457,0.000000,0.000000,0.000000,-0.000000,0.000000,0.000000,0.000000,0.300000,0.300000,0.000000,0.000000,0.000000,0.000000,0.000000,0.000000,0.000000,0.000000,0.000000,0.000000,-1.000000,0.000000,0.000000,0.000000,0.000000,0.000000,0.000000,0.000000,-1.000000,0.000000,0.000000,0.000000,0.000000,0.000000,0.000000,0.000000
5448.487964,-3900.733889,79.484565,0.024532,-0.142708,0.016398,0.000000,0.000000,0.000000,-0.000000,0.000000,0.000000,0.000000,0.300000,0.300000,0.000000,0.000000,0.000000,0.000000,0.000000,0.000000,0.000000,0.000000,0.000000,0.000000,-1.000000,0.000000,0.000000,0.000000,0.000000,0.000000,0.000000,0.000000,-1.000000,0.000000,0.000000,0.000000,0.000000,0.000000,0.000000,0.000000
5448.066821,-3902.106814,79.498597,0.024447,-0.142633,0.016339,0.000000,0.000000,0.000000,-0.000000,0.000000,0.000000,0.000000,0.300000,0.300000,0.000000,0.000000,0.000000,0.000000,0.000000,0.000000,0.000000,0.000000,0.000000,0.000000,-1.000000,0.000000,0.000000,0.000000,0.000000,0.000000,0.000000,0.000000,-1.000000,0.000000,0.000000,0.000000,0.000000,0.000000,0.000000,0.000000
5447.646732,-3903.479208,79.512580,0.024363,-0.142557,0.016280,0.000000,0.000000,0.000000,-0.000000,0.000000,0.000000,0.000000,0.300000,0.300000,0.000000,0.000000,0.000000,0.000000,0.000000,0.000000,0.000000,0.000000,0.000000,0.000000,-1.000000,0.000000,0.000000,0.000000,0.000000,0.000000,0.000000,0.000000,-1.000000,0.000000,0.000000,0.000000,0.000000,0.000000,0.000000,0.000000
5447.227691,-3904.851069,79.526515,0.024279,-0.142482,0.016222,0.000000,0.000000,0.000000,-0.000000,0.000000,0.000000,0.000000,0.300000,0.300000,0.000000,0.000000,0.000000,0.000000,0.000000,0.000000,0.000000,0.000000,0.000000,0.000000,-1.000000,0.000000,0.000000,0.000000,0.000000,0.000000,0.000000,0.000000,-1.000000,0.000000,0.000000,0.000000,0.000000,0.000000,0.000000,0.000000
5446.809696,-3906.222397,79.540402,0.024196,-0.142407,0.016163,0.000000,0.000000,0.000000,-0.000000,0.000000,0.000000,0.000000,0.300000,0.300000,0.000000,0.000000,0.000000,0.000000,0.000000,0.000000,0.000000,0.000000,0.000000,0.000000,-1.000000,0.000000,0.000000,0.000000,0.000000,0.000000,0.000000,0.000000,-1.000000,0.000000,0.000000,0.000000,0.000000,0.000000,0.000000,0.000000
5446.392743,-3907.593192,79.554241,0.024112,-0.142332,0.016105,0.000000,0.000000,0.000000,-0.000000,0.000000,0.000000,0.000000,0.300000,0.300000,0.000000,0.000000,0.000000,0.000000,0.000000,0.000000,0.000000,0.000000,0.000000,0.000000,-1.000000,0.000000,0.000000,0.000000,0.000000,0.000000,0.000000,0.000000,-1.000000,0.000000,0.000000,0.000000,0.000000,0.000000,0.000000,0.000000
5445.976829,-3908.963454,79.568032,0.024029,-0.142256,0.016047,0.000000,0.000000,0.000000,-0.000000,0.000000,0.000000,0.000000,0.300000,0.300000,0.000000,0.000000,0.000000,0.000000,0.000000,0.000000,0.000000,0.000000,0.000000,0.000000,-1.000000,0.000000,0.000000,0.000000,0.000000,0.000000,0.000000,0.000000,-1.000000,0.000000,0.000000,0.000000,0.000000,0.000000,0.000000,0.000000
5445.561949,-3910.333182,79.581776,0.023946,-0.142181,0.015989,0.000000,0.000000,0.000000,-0.000000,0.000000,0.000000,0.000000,0.300000,0.300000,0.000000,0.000000,0.000000,0.000000,0.000000,0.000000,0.000000,0.000000,0.000000,0.000000,-1.000000,0.000000,0.000000,0.000000,0.000000,0.000000,0.000000,0.000000,-1.000000,0.000000,0.000000,0.000000,0.000000,0.000000,0.000000,0.000000
5445.148101,-3911.702377,79.595473,0.023863,-0.142107,0.015931,0.000000,0.000000,0.000000,-0.000000,0.000000,0.000000,0.000000,0.300000,0.300000,0.000000,0.000000,0.000000,0.000000,0.000000,0.000000,0.000000,0.000000,0.000000,0.000000,-1.000000,0.000000,0.000000,0.000000,0.000000,0.000000,0.000000,0.000000,-1.000000,0.000000,0.000000,0.000000,0.000000,0.000000,0.000000,0.000000
5444.735281,-3913.071038,79.609122,0.023781,-0.142032,0.015874,0.000000,0.000000,0.000000,-0.000000,0.000000,0.000000,0.000000,0.300000,0.300000,0.000000,0.000000,0.000000,0.000000,0.000000,0.000000,0.000000,0.000000,0.000000,0.000000,-1.000000,0.000000,0.000000,0.000000,0.000000,0.000000,0.000000,0.000000,-1.000000,0.000000,0.000000,0.000000,0.000000,0.000000,0.000000,0.000000
5444.323485,-3914.439164,79.622724,0.023699,-0.141957,0.015817,0.000000,0.000000,0.000000,-0.000000,0.000000,0.000000,0.000000,0.300000,0.300000,0.000000,0.000000,0.000000,0.000000,0.000000,0.000000,0.000000,0.000000,0.000000,0.000000,-1.000000,0.000000,0.000000,0.000000,0.000000,0.000000,0.000000,0.000000,-1.000000,0.000000,0.000000,0.000000,0.000000,0.000000,0.000000,0.000000
5443.912711,-3915.806756,79.636279,0.023617,-0.141882,0.015760,0.000000,0.000000,0.000000,-0.000000,0.000000,0.000000,0.000000,0.300000,0.300000,0.000000,0.000000,0.000000,0.000000,0.000000,0.000000,0.000000,0.000000,0.000000,0.000000,-1.000000,0.000000,0.000000,0.000000,0.000000,0.000000,0.000000,0.000000,-1.000000,0.000000,0.000000,0.000000,0.000000,0.000000,0.000000,0.000000
5443.502954,-3917.173813,79.649787,0.023535,-0.141808,0.015703,0.000000,0.000000,0.000000,-0.000000,0.000000,0.000000,0.000000,0.300000,0.300000,0.000000,0.000000,0.000000,0.000000,0.000000,0.000000,0.000000,0.000000,0.000000,0.000000,-1.000000,0.000000,0.000000,0.000000,0.000000,0.000000,0.000000,0.000000,-1.000000,0.000000,0.000000,0.000000,0.000000,0.000000,0.000000,0.000000
5443.094211,-3918.540336,79.663248,0.023454,-0.141733,0.015646,0.000000,0.000000,0.000000,-0.000000,0.000000,0.000000,0.000000,0.300000,0.300000,0.000000,0.000000,0.000000,0.000000,0.000000,0.000000,0.000000,0.000000,0.000000,0.000000,-1.000000,0.000000,0.000000,0.000000,0.000000,0.000000,0.000000,0.000000,-1.000000,0.000000,0.000000,0.000000,0.000000,0.000000,0.000000,0.000000
5442.686479,-3919.906323,79.676662,0.023372,-0.141659,0.015589,0.000000,0.000000,0.000000,-0.000000,0.000000,0.000000,0.000000,0.300000,0.300000,0.000000,0.000000,0.000000,0.000000,0.000000,0.000000,0.000000,0.000000,0.000000,0.000000,-1.000000,0.000000,0.000000,0.000000,0.000000,0.000000,0.000000,0.000000,-1.000000,0.000000,0.000000,0.000000,0.000000,0.000000,0.000000,0.000000
5442.279754,-3921.271774,79.690031,0.023291,-0.141584,0.015533,0.000000,0.000000,0.000000,-0.000000,0.000000,0.000000,0.000000,0.300000,0.300000,0.000000,0.000000,0.000000,0.000000,0.000000,0.000000,0.000000,0.000000,0.000000,0.000000,-1.000000,0.000000,0.000000,0.000000,0.000000,0.000000,0.000000,0.000000,-1.000000,0.000000,0.000000,0.000000,0.000000,0.000000,0.000000,0.000000
5441.874033,-3922.636690,79.703352,0.023211,-0.141510,0.015477,0.000000,0.000000,0.000000,-0.000000,0.000000,0.000000,0.000000,0.300000,0.300000,0.000000,0.000000,0.000000,0.000000,0.000000,0.000000,0.000000,0.000000,0.000000,0.000000,-1.000000,0.000000,0.000000,0.000000,0.000000,0.000000,0.000000,0.000000,-1.000000,0.000000,0.000000,0.000000,0.000000,0.000000,0.000000,0.000000
5441.469312,-3924.001070,79.716628,0.023130,-0.141436,0.015421,0.000000,0.000000,0.000000,-0.000000,0.000000,0.000000,0.000000,0.300000,0.300000,0.000000,0.000000,0.000000,0.000000,0.000000,0.000000,0.000000,0.000000,0.000000,0.000000,-1.000000,0.000000,0.000000,0.000000,0.000000,0.000000,0.000000,0.000000,-1.000000,0.000000,0.000000,0.000000,0.000000,0.000000,0.000000,0.000000
5441.065588,-3925.364914,79.729858,0.023050,-0.141362,0.015365,0.000000,0.000000,0.000000,-0.000000,0.000000,0.000000,0.000000,0.300000,0.300000,0.000000,0.000000,0.000000,0.000000,0.000000,0.000000,0.000000,0.000000,0.000000,0.000000,-1.000000,0.000000,0.000000,0.000000,0.000000,0.000000,0.000000,0.000000,-1.000000,0.000000,0.000000,0.000000,0.000000,0.000000,0.000000,0.000000
5440.662858,-3926.728222,79.743041,0.022970,-0.141288,0.015310,0.000000,0.000000,0.000000,-0.000000,0.000000,0.000000,0.000000,0.300000,0.300000,0.000000,0.000000,0.000000,0.000000,0.000000,0.000000,0.000000,0.000000,0.000000,0.000000,-1.000000,0.000000,0.000000,0.000000,0.000000,0.000000,0.000000,0.000000,-1.000000,0.000000,0.000000,0.000000,0.000000,0.000000,0.000000,0.000000
5440.261119,-3928.090993,79.756179,0.022890,-0.141214,0.015255,0.000000,0.000000,0.000000,-0.000000,0.000000,0.000000,0.000000,0.300000,0.300000,0.000000,0.000000,0.000000,0.000000,0.000000,0.000000,0.000000,0.000000,0.000000,0.000000,-1.000000,0.000000,0.000000,0.000000,0.000000,0.000000,0.000000,0.000000,-1.000000,0.000000,0.000000,0.000000,0.000000,0.000000,0.000000,0.000000
5439.860366,-3929.453227,79.769271,0.022810,-0.141140,0.015199,0.000000,0.000000,0.000000,-0.000000,0.000000,0.000000,0.000000,0.300000,0.300000,0.000000,0.000000,0.000000,0.000000,0.000000,0.000000,0.000000,0.000000,0.000000,0.000000,-1.000000,0.000000,0.000000,0.000000,0.000000,0.000000,0.000000,0.000000,-1.000000,0.000000,0.000000,0.000000,0.000000,0.000000,0.000000,0.000000
5439.460597,-3930.814925,79.782318,0.022731,-0.141067,0.015144,0.000000,0.000000,0.000000,-0.000000,0.000000,0.000000,0.000000,0.300000,0.300000,0.000000,0.000000,0.000000,0.000000,0.000000,0.000000,0.000000,0.000000,0.000000,0.000000,-1.000000,0.000000,0.000000,0.000000,0.000000,0.000000,0.000000,0.000000,-1.000000,0.000000,0.000000,0.000000,0.000000,0.000000,0.000000,0.000000
5439.061808,-3932.176085,79.795319,0.022652,-0.140993,0.015090,0.000000,0.000000,0.000000,-0.000000,0.000000,0.000000,0.000000,0.300000,0.300000,0.000000,0.000000,0.000000,0.000000,0.000000,0.000000,0.000000,0.000000,0.000000,0.000000,-1.000000,0.000000,0.000000,0.000000,0.000000,0.000000,0.000000,0.000000,-1.000000,0.000000,0.000000,0.000000,0.000000,0.000000,0.000000,0.000000
5438.663996,-3933.536708,79.808275,0.022573,-0.140919,0.015035,0.000000,0.000000,0.000000,-0.000000,0.000000,0.000000,0.000000,0.300000,0.300000,0.000000,0.000000,0.000000,0.000000,0.000000,0.000000,0.000000,0.000000,0.000000,0.000000,-1.000000,0.000000,0.000000,0.000000,0.000000,0.000000,0.000000,0.000000,-1.000000,0.000000,0.000000,0.000000,0.000000,0.000000,0.000000,0.000000
5438.267158,-3934.896793,79.821186,0.022495,-0.140846,0.014981,0.000000,0.000000,0.000000,-0.000000,0.000000,0.000000,0.000000,0.300000,0.300000,0.000000,0.000000,0.000000,0.000000,0.000000,0.000000,0.000000,0.000000,0.000000,0.000000,-1.000000,0.000000,0.000000,0.000000,0.000000,0.000000,0.000000,0.000000,-1.000000,0.000000,0.000000,0.000000,0.000000,0.000000,0.000000,0.000000
5437.871290,-3936.256340,79.834052,0.022416,-0.140772,0.014926,0.000000,0.000000,0.000000,-0.000000,0.000000,0.000000,0.000000,0.300000,0.300000,0.000000,0.000000,0.000000,0.000000,0.000000,0.000000,0.000000,0.000000,0.000000,0.000000,-1.000000,0.000000,0.000000,0.000000,0.000000,0.000000,0.000000,0.000000,-1.000000,0.000000,0.000000,0.000000,0.000000,0.000000,0.000000,0.000000
5437.476389,-3937.615350,79.846873,0.022338,-0.140699,0.014872,0.000000,0.000000,0.000000,-0.000000,0.000000,0.000000,0.000000,0.300000,0.300000,0.000000,0.000000,0.000000,0.000000,0.000000,0.000000,0.000000,0.000000,0.000000,0.000000,-1.000000,0.000000,0.000000,0.000000,0.000000,0.000000,0.000000,0.000000,-1.000000,0.000000,0.000000,0.000000,0.000000,0.000000,0.000000,0.000000
5437.082451,-3938.973821,79.859649,0.022260,-0.140626,0.014819,0.000000,0.000000,0.000000,-0.000000,0.000000,0.000000,0.000000,0.300000,0.300000,0.000000,0.000000,0.000000,0.000000,0.000000,0.000000,0.000000,0.000000,0.000000,0.000000,-1.000000,0.000000,0.000000,0.000000,0.000000,0.000000,0.000000,0.000000,-1.000000,0.000000,0.000000,0.000000,0.000000,0.000000,0.000000,0.000000
5436.689474,-3940.331754,79.872381,0.022182,-0.140553,0.014765,0.000000,0.000000,0.000000,-0.000000,0.000000,0.000000,0.000000,0.300000,0.300000,0.000000,0.000000,0.000000,0.000000,0.000000,0.000000,0.000000,0.000000,0.000000,0.000000,-1.000000,0.000000,0.000000,0.000000,0.000000,0.000000,0.000000,0.000000,-1.000000,0.000000,0.000000,0.000000,0.000000,0.000000,0.000000,0.000000
5436.297455,-3941.689148,79.885069,0.022105,-0.140480,0.014711,0.000000,0.000000,0.000000,-0.000000,0.000000,0.000000,0.000000,0.300000,0.300000,0.000000,0.000000,0.000000,0.000000,0.000000,0.000000,0.000000,0.000000,0.000000,0.000000,-1.000000,0.000000,0.000000,0.000000,0.000000,0.000000,0.000000,0.000000,-1.000000,0.000000,0.000000,0.000000,0.000000,0.000000,0.000000,0.000000
5435.906389,-3943.046003,79.897712,0.022028,-0.140407,0.014658,0.000000,0.000000,0.000000,-0.000000,0.000000,0.000000,0.000000,0.300000,0.300000,0.000000,0.000000,0.000000,0.000000,0.000000,0.000000,0.000000,0.000000,0.000000,0.000000,-1.000000,0.000000,0.000000,0.000000,0.000000,0.000000,0.000000,0.000000,-1.000000,0.000000,0.000000,0.000000,0.000000,0.000000,0.000000,0.000000
5435.516274,-3944.402320,79.910311,0.021951,-0.140334,0.014605,0.000000,0.000000,0.000000,-0.000000,0.000000,0.000000,0.000000,0.300000,0.300000,0.000000,0.000000,0.000000,0.000000,0.000000,0.000000,0.000000,0.000000,0.000000,0.000000,-1.000000,0.000000,0.000000,0.000000,0.000000,0.000000,0.000000,0.000000,-1.000000,0.000000,0.000000,0.000000,0.000000,0.000000,0.000000,0.000000
5435.127107,-3945.758097,79.922866,0.021874,-0.140261,0.014552,0.000000,0.000000,0.000000,-0.000000,0.000000,0.000000,0.000000,0.300000,0.300000,0.000000,0.000000,0.000000,0.000000,0.000000,0.000000,0.000000,0.000000,0.000000,0.000000,-1.000000,0.000000,0.000000,0.000000,0.000000,0.000000,0.000000,0.000000,-1.000000,0.000000,0.000000,0.000000,0.000000,0.000000,0.000000,0.000000
5434.738883,-3947.113335,79.935377,0.021798,-0.140188,0.014499,0.000000,0.000000,0.000000,-0.000000,0.000000,0.000000,0.000000,0.300000,0.300000,0.000000,0.000000,0.000000,0.000000,0.000000,0.000000,0.000000,0.000000,0.000000,0.000000,-1.000000,0.000000,0.000000,0.000000,0.000000,0.000000,0.000000,0.000000,-1.000000,0.000000,0.000000,0.000000,0.000000,0.000000,0.000000,0.000000
5434.351601,-3948.468033,79.947844,0.021721,-0.140115,0.014447,0.000000,0.000000,0.000000,-0.000000,0.000000,0.000000,0.000000,0.300000,0.300000,0.000000,0.000000,0.000000,0.000000,0.000000,0.000000,0.000000,0.000000,0.000000,0.000000,-1.000000,0.000000,0.000000,0.000000,0.000000,0.000000,0.000000,0.000000,-1.000000,0.000000,0.000000,0.000000,0.000000,0.000000,0.000000,0.000000
5433.965257,-3949.822192,79.960267,0.021645,-0.140043,0.014394,0.000000,0.000000,0.000000,-0.000000,0.000000,0.000000,0.000000,0.300000,0.300000,0.000000,0.000000,0.000000,0.000000,0.000000,0.000000,0.000000,0.000000,0.000000,0.000000,-1.000000,0.000000,0.000000,0.000000,0.000000,0.000000,0.000000,0.000000,-1.000000,0.000000,0.000000,0.000000,0.000000,0.000000,0.000000,0.000000
5433.579847,-3951.175811,79.972647,0.021569,-0.139970,0.014342,0.000000,0.000000,0.000000,-0.000000,0.000000,0.000000,0.000000,0.300000,0.300000,0.000000,0.000000,0.000000,0.000000,0.000000,0.000000,0.000000,0.000000,0.000000,0.000000,-1.000000,0.000000,0.000000,0.000000,0.000000,0.000000,0.000000,0.000000,-1.000000,0.000000,0.000000,0.000000,0.000000,0.000000,0.000000,0.000000
5433.195369,-3952.528889,79.984984,0.021494,-0.139898,0.014290,0.000000,0.000000,0.000000,-0.000000,0.000000,0.000000,0.000000,0.300000,0.300000,0.000000,0.000000,0.000000,0.000000,0.000000,0.000000,0.000000,0.000000,0.000000,0.000000,-1.000000,0.000000,0.000000,0.000000,0.000000,0.000000,0.000000,0.000000,-1.000000,0.000000,0.000000,0.000000,0.000000,0.000000,0.000000,0.000000
5432.811819,-3953.881428,79.997277,0.021418,-0.139825,0.014238,0.000000,0.000000,0.000000,-0.000000,0.000000,0.000000,0.000000,0.300000,0.300000,0.000000,0.000000,0.000000,0.000000,0.000000,0.000000,0.000000,0.000000,0.000000,0.000000,-1.000000,0.000000,0.000000,0.000000,0.000000,0.000000,0.000000,0.000000,-1.000000,0.000000,0.000000,0.000000,0.000000,0.000000,0.000000,0.000000
5432.429194,-3955.233426,80.009528,0.021343,-0.139753,0.014186,0.000000,0.000000,0.000000,-0.000000,0.000000,0.000000,0.000000,0.300000,0.300000,0.000000,0.000000,0.000000,0.000000,0.000000,0.000000,0.000000,0.000000,0.000000,0.000000,-1.000000,0.000000,0.000000,0.000000,0.000000,0.000000,0.000000,0.000000,-1.000000,0.000000,0.000000,0.000000,0.000000,0.000000,0.000000,0.000000
5432.047492,-3956.584884,80.021735,0.021268,-0.139681,0.014135,0.000000,0.000000,0.000000,-0.000000,0.000000,0.000000,0.000000,0.300000,0.300000,0.000000,0.000000,0.000000,0.000000,0.000000,0.000000,0.000000,0.000000,0.000000,0.000000,-1.000000,0.000000,0.000000,0.000000,0.000000,0.000000,0.000000,0.000000,-1.000000,0.000000,0.000000,0.000000,0.000000,0.000000,0.000000,0.000000
5431.666708,-3957.935801,80.033900,0.021194,-0.139609,0.014084,0.000000,0.000000,0.000000,-0.000000,0.000000,0.000000,0.000000,0.300000,0.300000,0.000000,0.000000,0.000000,0.000000,0.000000,0.000000,0.000000,0.000000,0.000000,0.000000,-1.000000,0.000000,0.000000,0.000000,0.000000,0.000000,0.000000,0.000000,-1.000000,0.000000,0.000000,0.000000,0.000000,0.000000,0.000000,0.000000
5431.286840,-3959.286177,80.046021,0.021119,-0.139537,0.014032,0.000000,0.000000,0.000000,-0.000000,0.000000,0.000000,0.000000,0.300000,0.300000,0.000000,0.000000,0.000000,0.000000,0.000000,0.000000,0.000000,0.000000,0.000000,0.000000,-1.000000,0.000000,0.000000,0.000000,0.000000,0.000000,0.000000,0.000000,-1.000000,0.000000,0.000000,0.000000,0.000000,0.000000,0.000000,0.000000
5430.907884,-3960.636012,80.058101,0.021045,-0.139465,0.013981,0.000000,0.000000,0.000000,-0.000000,0.000000,0.000000,0.000000,0.300000,0.300000,0.000000,0.000000,0.000000,0.000000,0.000000,0.000000,0.000000,0.000000,0.000000,0.000000,-1.000000,0.000000,0.000000,0.000000,0.000000,0.000000,0.000000,0.000000,-1.000000,0.000000,0.000000,0.000000,0.000000,0.000000,0.000000,0.000000
5430.529838,-3961.985305,80.070137,0.020971,-0.139393,0.013931,0.000000,0.000000,0.000000,-0.000000,0.000000,0.000000,0.000000,0.300000,0.300000,0.000000,0.000000,0.000000,0.000000,0.000000,0.000000,0.000000,0.000000,0.000000,0.000000,-1.000000,0.000000,0.000000,0.000000,0.000000,0.000000,0.000000,0.000000,-1.000000,0.000000,0.000000,0.000000,0.000000,0.000000,0.000000,0.000000
5430.152699,-3963.334058,80.082132,0.020897,-0.139321,0.013880,0.000000,0.000000,0.000000,-0.000000,0.000000,0.000000,0.000000,0.300000,0.300000,0.000000,0.000000,0.000000,0.000000,0.000000,0.000000,0.000000,0.000000,0.000000,0.000000,-1.000000,0.000000,0.000000,0.000000,0.000000,0.000000,0.000000,0.000000,-1.000000,0.000000,0.000000,0.000000,0.000000,0.000000,0.000000,0.000000
5429.776463,-3964.682269,80.094084,0.020824,-0.139249,0.013830,0.000000,0.000000,0.000000,-0.000000,0.000000,0.000000,0.000000,0.300000,0.300000,0.000000,0.000000,0.000000,0.000000,0.000000,0.000000,0.000000,0.000000,0.000000,0.000000,-1.000000,0.000000,0.000000,0.000000,0.000000,0.000000,0.000000,0.000000,-1.000000,0.000000,0.000000,0.000000,0.000000,0.000000,0.000000,0.000000
5429.401127,-3966.029938,80.105994,0.020751,-0.139177,0.013779,0.000000,0.000000,0.000000,-0.000000,0.000000,0.000000,0.000000,0.300000,0.300000,0.000000,0.000000,0.000000,0.000000,0.000000,0.000000,0.000000,0.000000,0.000000,0.000000,-1.000000,0.000000,0.000000,0.000000,0.000000,0.000000,0.000000,0.000000,-1.000000,0.000000,0.000000,0.000000,0.000000,0.000000,0.000000,0.000000
5429.026688,-3967.377065,80.117862,0.020677,-0.139106,0.013729,0.000000,0.000000,0.000000,-0.000000,0.000000,0.000000,0.000000,0.300000,0.300000,0.000000,0.000000,0.000000,0.000000,0.000000,0.000000,0.000000,0.000000,0.000000,0.000000,-1.000000,0.000000,0.000000,0.000000,0.000000,0.000000,0.000000,0.000000,-1.000000,0.000000,0.000000,0.000000,0.000000,0.000000,0.000000,0.000000
5428.653144,-3968.723651,80.129689,0.020605,-0.139034,0.013679,0.000000,0.000000,0.000000,-0.000000,0.000000,0.000000,0.000000,0.300000,0.300000,0.000000,0.000000,0.000000,0.000000,0.000000,0.000000,0.000000,0.000000,0.000000,0.000000,-1.000000,0.000000,0.000000,0.000000,0.000000,0.000000,0.000000,0.000000,-1.000000,0.000000,0.000000,0.000000,0.000000,0.000000,0.000000,0.000000
5428.280490,-3970.069694,80.141474,0.020532,-0.138963,0.013629,0.000000,0.000000,0.000000,-0.000000,0.000000,0.000000,0.000000,0.300000,0.300000,0.000000,0.000000,0.000000,0.000000,0.000000,0.000000,0.000000,0.000000,0.000000,0.000000,-1.000000,0.000000,0.000000,0.000000,0.000000,0.000000,0.000000,0.000000,-1.000000,0.000000,0.000000,0.000000,0.000000,0.000000,0.000000,0.000000
5427.908725,-3971.415195,80.153217,0.020460,-0.138891,0.013580,0.000000,0.000000,0.000000,-0.000000,0.000000,0.000000,0.000000,0.300000,0.300000,0.000000,0.000000,0.000000,0.000000,0.000000,0.000000,0.000000,0.000000,0.000000,0.000000,-1.000000,0.000000,0.000000,0.000000,0.000000,0.000000,0.000000,0.000000,-1.000000,0.000000,0.000000,0.000000,0.000000,0.000000,0.000000,0.000000
5427.537844,-3972.760154,80.164919,0.020387,-0.138820,0.013530,0.000000,0.000000,0.000000,-0.000000,0.000000,0.000000,0.000000,0.300000,0.300000,0.000000,0.000000,0.000000,0.000000,0.000000,0.000000,0.000000,0.000000,0.000000,0.000000,-1.000000,0.000000,0.000000,0.000000,0.000000,0.000000,0.000000,0.000000,-1.000000,0.000000,0.000000,0.000000,0.000000,0.000000,0.000000,0.000000
5427.167846,-3974.104570,80.176579,0.020315,-0.138749,0.013481,0.000000,0.000000,0.000000,-0.000000,0.000000,0.000000,0.000000,0.300000,0.300000,0.000000,0.000000,0.000000,0.000000,0.000000,0.000000,0.000000,0.000000,0.000000,0.000000,-1.000000,0.000000,0.000000,0.000000,0.000000,0.000000,0.000000,0.000000,-1.000000,0.000000,0.000000,0.000000,0.000000,0.000000,0.000000,0.000000
5426.798727,-3975.448444,80.188198,0.020244,-0.138678,0.013432,0.000000,0.000000,0.000000,-0.000000,0.000000,0.000000,0.000000,0.300000,0.300000,0.000000,0.000000,0.000000,0.000000,0.000000,0.000000,0.000000,0.000000,0.000000,0.000000,-1.000000,0.000000,0.000000,0.000000,0.000000,0.000000,0.000000,0.000000,-1.000000,0.000000,0.000000,0.000000,0.000000,0.000000,0.000000,0.000000
5426.430484,-3976.791775,80.199777,0.020172,-0.138607,0.013383,0.000000,0.000000,0.000000,-0.000000,0.000000,0.000000,0.000000,0.300000,0.300000,0.000000,0.000000,0.000000,0.000000,0.000000,0.000000,0.000000,0.000000,0.000000,0.000000,-1.000000,0.000000,0.000000,0.000000,0.000000,0.000000,0.000000,0.000000,-1.000000,0.000000,0.000000,0.000000,0.000000,0.000000,0.000000,0.000000
5426.063113,-3978.134563,80.211314,0.020101,-0.138536,0.013334,0.000000,0.000000,0.000000,-0.000000,0.000000,0.000000,0.000000,0.300000,0.300000,0.000000,0.000000,0.000000,0.000000,0.000000,0.000000,0.000000,0.000000,0.000000,0.000000,-1.000000,0.000000,0.000000,0.000000,0.000000,0.000000,0.000000,0.000000,-1.000000,0.000000,0.000000,0.000000,0.000000,0.000000,0.000000,0.000000
5425.696613,-3979.476808,80.222810,0.020030,-0.138465,0.013286,0.000000,0.000000,0.000000,-0.000000,0.000000,0.000000,0.000000,0.300000,0.300000,0.000000,0.000000,0.000000,0.000000,0.000000,0.000000,0.000000,0.000000,0.000000,0.000000,-1.000000,0.000000,0.000000,0.000000,0.000000,0.000000,0.000000,0.000000,-1.000000,0.000000,0.000000,0.000000,0.000000,0.000000,0.000000,0.000000
5425.330980,-3980.818509,80.234266,0.019959,-0.138394,0.013237,0.000000,0.000000,0.000000,-0.000000,0.000000,0.000000,0.000000,0.300000,0.300000,0.000000,0.000000,0.000000,0.000000,0.000000,0.000000,0.000000,0.000000,0.000000,0.000000,-1.000000,0.000000,0.000000,0.000000,0.000000,0.000000,0.000000,0.000000,-1.000000,0.000000,0.000000,0.000000,0.000000,0.000000,0.000000,0.000000
5424.966211,-3982.159668,80.245682,0.019888,-0.138323,0.013189,0.000000,0.000000,0.000000,-0.000000,0.000000,0.000000,0.000000,0.300000,0.300000,0.000000,0.000000,0.000000,0.000000,0.000000,0.000000,0.000000,0.000000,0.000000,0.000000,-1.000000,0.000000,0.000000,0.000000,0.000000,0.000000,0.000000,0.000000,-1.000000,0.000000,0.000000,0.000000,0.000000,0.000000,0.000000,0.000000
5424.602304,-3983.500283,80.257057,0.019818,-0.138252,0.013141,0.000000,0.000000,0.000000,-0.000000,0.000000,0.000000,0.000000,0.300000,0.300000,0.000000,0.000000,0.000000,0.000000,0.000000,0.000000,0.000000,0.000000,0.000000,0.000000,-1.000000,0.000000,0.000000,0.000000,0.000000,0.000000,0.000000,0.000000,-1.000000,0.000000,0.000000,0.000000,0.000000,0.000000,0.000000,0.000000
5424.239254,-3984.840354,80.268391,0.019748,-0.138182,0.013093,0.000000,0.000000,0.000000,-0.000000,0.000000,0.000000,0.000000,0.300000,0.300000,0.000000,0.000000,0.000000,0.000000,0.000000,0.000000,0.000000,0.000000,0.000000,0.000000,-1.000000,0.000000,0.000000,0.000000,0.000000,0.000000,0.000000,0.000000,-1.000000,0.000000,0.000000,0.000000,0.000000,0.000000,0.000000,0.000000
5423.877060,-3986.179882,80.279686,0.019678,-0.138111,0.013046,0.000000,0.000000,0.000000,-0.000000,0.000000,0.000000,0.000000,0.300000,0.300000,0.000000,0.000000,0.000000,0.000000,0.000000,0.000000,0.000000,0.000000,0.000000,0.000000,-1.000000,0.000000,0.000000,0.000000,0.000000,0.000000,0.000000,0.000000,-1.000000,0.000000,0.000000,0.000000,0.000000,0.000000,0.000000,0.000000
5423.515719,-3987.518866,80.290940,0.019608,-0.138040,0.012998,0.000000,0.000000,0.000000,-0.000000,0.000000,0.000000,0.000000,0.300000,0.300000,0.000000,0.000000,0.000000,0.000000,0.000000,0.000000,0.000000,0.000000,0.000000,0.000000,-1.000000,0.000000,0.000000,0.000000,0.000000,0.000000,0.000000,0.000000,-1.000000,0.000000,0.000000,0.000000,0.000000,0.000000,0.000000,0.000000
5423.155226,-3988.857306,80.302155,0.019538,-0.137970,0.012951,0.000000,0.000000,0.000000,-0.000000,0.000000,0.000000,0.000000,0.300000,0.300000,0.000000,0.000000,0.000000,0.000000,0.000000,0.000000,0.000000,0.000000,0.000000,0.000000,-1.000000,0.000000,0.000000,0.000000,0.000000,0.000000,0.000000,0.000000,-1.000000,0.000000,0.000000,0.000000,0.000000,0.000000,0.000000,0.000000
5422.795581,-3990.195203,80.313329,0.019469,-0.137900,0.012903,0.000000,0.000000,0.000000,-0.000000,0.000000,0.000000,0.000000,0.300000,0.300000,0.000000,0.000000,0.000000,0.000000,0.000000,0.000000,0.000000,0.000000,0.000000,0.000000,-1.000000,0.000000,0.000000,0.000000,0.000000,0.000000,0.000000,0.000000,-1.000000,0.000000,0.000000,0.000000,0.000000,0.000000,0.000000,0.000000
5422.436779,-3991.532555,80.324464,0.019400,-0.137829,0.012856,0.000000,0.000000,0.000000,-0.000000,0.000000,0.000000,0.000000,0.300000,0.300000,0.000000,0.000000,0.000000,0.000000,0.000000,0.000000,0.000000,0.000000,0.000000,0.000000,-1.000000,0.000000,0.000000,0.000000,0.000000,0.000000,0.000000,0.000000,-1.000000,0.000000,0.000000,0.000000,0.000000,0.000000,0.000000,0.000000
5422.078818,-3992.869363,80.335560,0.019331,-0.137759,0.012809,0.000000,0.000000,0.000000,-0.000000,0.000000,0.000000,0.000000,0.300000,0.300000,0.000000,0.000000,0.000000,0.000000,0.000000,0.000000,0.000000,0.000000,0.000000,0.000000,-1.000000,0.000000,0.000000,0.000000,0.000000,0.000000,0.000000,0.000000,-1.000000,0.000000,0.000000,0.000000,0.000000,0.000000,0.000000,0.000000
5421.721695,-3994.205626,80.346616,0.019262,-0.137689,0.012763,0.000000,0.000000,0.000000,-0.000000,0.000000,0.000000,0.000000,0.300000,0.300000,0.000000,0.000000,0.000000,0.000000,0.000000,0.000000,0.000000,0.000000,0.000000,0.000000,-1.000000,0.000000,0.000000,0.000000,0.000000,0.000000,0.000000,0.000000,-1.000000,0.000000,0.000000,0.000000,0.000000,0.000000,0.000000,0.000000
5421.365407,-3995.541345,80.357633,0.019194,-0.137619,0.012716,0.000000,0.000000,0.000000,-0.000000,0.000000,0.000000,0.000000,0.300000,0.300000,0.000000,0.000000,0.000000,0.000000,0.000000,0.000000,0.000000,0.000000,0.000000,0.000000,-1.000000,0.000000,0.000000,0.000000,0.000000,0.000000,0.000000,0.000000,-1.000000,0.000000,0.000000,0.000000,0.000000,0.000000,0.000000,0.000000
5421.009952,-3996.876520,80.368611,0.019126,-0.137549,0.012669,0.000000,0.000000,0.000000,-0.000000,0.000000,0.000000,0.000000,0.300000,0.300000,0.000000,0.000000,0.000000,0.000000,0.000000,0.000000,0.000000,0.000000,0.000000,0.000000,-1.000000,0.000000,0.000000,0.000000,0.000000,0.000000,0.000000,0.000000,-1.000000,0.000000,0.000000,0.000000,0.000000,0.000000,0.000000,0.000000
5420.655326,-3998.211150,80.379549,0.019057,-0.137479,0.012623,0.000000,0.000000,0.000000,-0.000000,0.000000,0.000000,0.000000,0.300000,0.300000,0.000000,0.000000,0.000000,0.000000,0.000000,0.000000,0.000000,0.000000,0.000000,0.000000,-1.000000,0.000000,0.000000,0.000000,0.000000,0.000000,0.000000,0.000000,-1.000000,0.000000,0.000000,0.000000,0.000000,0.000000,0.000000,0.000000
5420.301526,-3999.545235,80.390449,0.018990,-0.137409,0.012577,0.000000,0.000000,0.000000,-0.000000,0.000000,0.000000,0.000000,0.300000,0.300000,0.000000,0.000000,0.000000,0.000000,0.000000,0.000000,0.000000,0.000000,0.000000,0.000000,-1.000000,0.000000,0.000000,0.000000,0.000000,0.000000,0.000000,0.000000,-1.000000,0.000000,0.000000,0.000000,0.000000,0.000000,0.000000,0.000000
5419.948551,-4000.878776,80.401310,0.018922,-0.137339,0.012531,0.000000,0.000000,0.000000,-0.000000,0.000000,0.000000,0.000000,0.300000,0.300000,0.000000,0.000000,0.000000,0.000000,0.000000,0.000000,0.000000,0.000000,0.000000,0.000000,-1.000000,0.000000,0.000000,0.000000,0.000000,0.000000,0.000000,0.000000,-1.000000,0.000000,0.000000,0.000000,0.000000,0.000000,0.000000,0.000000
5419.596396,-4002.211771,80.412132,0.018855,-0.137269,0.012485,0.000000,0.000000,0.000000,-0.000000,0.000000,0.000000,0.000000,0.300000,0.300000,0.000000,0.000000,0.000000,0.000000,0.000000,0.000000,0.000000,0.000000,0.000000,0.000000,-1.000000,0.000000,0.000000,0.000000,0.000000,0.000000,0.000000,0.000000,-1.000000,0.000000,0.000000,0.000000,0.000000,0.000000,0.000000,0.000000
5419.245059,-4003.544222,80.422916,0.018787,-0.137200,0.012440,0.000000,0.000000,0.000000,-0.000000,0.000000,0.000000,0.000000,0.300000,0.300000,0.000000,0.000000,0.000000,0.000000,0.000000,0.000000,0.000000,0.000000,0.000000,0.000000,-1.000000,0.000000,0.000000,0.000000,0.000000,0.000000,0.000000,0.000000,-1.000000,0.000000,0.000000,0.000000,0.000000,0.000000,0.000000,0.000000
5418.894538,-4004.876128,80.433661,0.018720,-0.137130,0.012394,0.000000,0.000000,0.000000,-0.000000,0.000000,0.000000,0.000000,0.300000,0.300000,0.000000,0.000000,0.000000,0.000000,0.000000,0.000000,0.000000,0.000000,0.000000,0.000000,-1.000000,0.000000,0.000000,0.000000,0.000000,0.000000,0.000000,0.000000,-1.000000,0.000000,0.000000,0.000000,0.000000,0.000000,0.000000,0.000000
5418.544829,-4006.207488,80.444368,0.018654,-0.137060,0.012349,0.000000,0.000000,0.000000,-0.000000,0.000000,0.000000,0.000000,0.300000,0.300000,0.000000,0.000000,0.000000,0.000000,0.000000,0.000000,0.000000,0.000000,0.000000,0.000000,-1.000000,0.000000,0.000000,0.000000,0.000000,0.000000,0.000000,0.000000,-1.000000,0.000000,0.000000,0.000000,0.000000,0.000000,0.000000,0.000000
5418.195931,-4007.538303,80.455036,0.018587,-0.136991,0.012304,0.000000,0.000000,0.000000,-0.000000,0.000000,0.000000,0.000000,0.300000,0.300000,0.000000,0.000000,0.000000,0.000000,0.000000,0.000000,0.000000,0.000000,0.000000,0.000000,-1.000000,0.000000,0.000000,0.000000,0.000000,0.000000,0.000000,0.000000,-1.000000,0.000000,0.000000,0.000000,0.000000,0.000000,0.000000,0.000000
5417.847839,-4008.868573,80.465667,0.018521,-0.136922,0.012259,0.000000,0.000000,0.000000,-0.000000,0.000000,0.000000,0.000000,0.300000,0.300000,0.000000,0.000000,0.000000,0.000000,0.000000,0.000000,0.000000,0.000000,0.000000,0.000000,-1.000000,0.000000,0.000000,0.000000,0.000000,0.000000,0.000000,0.000000,-1.000000,0.000000,0.000000,0.000000,0.000000,0.000000,0.000000,0.000000
5417.500552,-4010.198297,80.476260,0.018455,-0.136852,0.012214,0.000000,0.000000,0.000000,-0.000000,0.000000,0.000000,0.000000,0.300000,0.300000,0.000000,0.000000,0.000000,0.000000,0.000000,0.000000,0.000000,0.000000,0.000000,0.000000,-1.000000,0.000000,0.000000,0.000000,0.000000,0.000000,0.000000,0.000000,-1.000000,0.000000,0.000000,0.000000,0.000000,0.000000,0.000000,0.000000
5417.154066,-4011.527476,80.486815,0.018389,-0.136783,0.012169,0.000000,0.000000,0.000000,-0.000000,0.000000,0.000000,0.000000,0.300000,0.300000,0.000000,0.000000,0.000000,0.000000,0.000000,0.000000,0.000000,0.000000,0.000000,0.000000,-1.000000,0.000000,0.000000,0.000000,0.000000,0.000000,0.000000,0.000000,-1.000000,0.000000,0.000000,0.000000,0.000000,0.000000,0.000000,0.000000
5416.808379,-4012.856109,80.497332,0.018323,-0.136714,0.012125,0.000000,0.000000,0.000000,-0.000000,0.000000,0.000000,0.000000,0.300000,0.300000,0.000000,0.000000,0.000000,0.000000,0.000000,0.000000,0.000000,0.000000,0.000000,0.000000,-1.000000,0.000000,0.000000,0.000000,0.000000,0.000000,0.000000,0.000000,-1.000000,0.000000,0.000000,0.000000,0.000000,0.000000,0.000000,0.000000
5416.463488,-4014.184197,80.507811,0.018257,-0.136645,0.012080,0.000000,0.000000,0.000000,-0.000000,0.000000,0.000000,0.000000,0.300000,0.300000,0.000000,0.000000,0.000000,0.000000,0.000000,0.000000,0.000000,0.000000,0.000000,0.000000,-1.000000,0.000000,0.000000,0.000000,0.000000,0.000000,0.000000,0.000000,-1.000000,0.000000,0.000000,0.000000,0.000000,0.000000,0.000000,0.000000
5416.119390,-4015.511738,80.518253,0.018192,-0.136576,0.012036,0.000000,0.000000,0.000000,-0.000000,0.000000,0.000000,0.000000,0.300000,0.300000,0.000000,0.000000,0.000000,0.000000,0.000000,0.000000,0.000000,0.000000,0.000000,0.000000,-1.000000,0.000000,0.000000,0.000000,0.000000,0.000000,0.000000,0.000000,-1.000000,0.000000,0.000000,0.000000,0.000000,0.000000,0.000000,0.000000
5415.776083,-4016.838734,80.528658,0.018127,-0.136506,0.011992,0.000000,0.000000,0.000000,-0.000000,0.000000,0.000000,0.000000,0.300000,0.300000,0.000000,0.000000,0.000000,0.000000,0.000000,0.000000,0.000000,0.000000,0.000000,0.000000,-1.000000,0.000000,0.000000,0.000000,0.000000,0.000000,0.000000,0.000000,-1.000000,0.000000,0.000000,0.000000,0.000000,0.000000,0.000000,0.000000
5415.433564,-4018.165184,80.539025,0.018062,-0.136438,0.011948,0.000000,0.000000,0.000000,-0.000000,0.000000,0.000000,0.000000,0.300000,0.300000,0.000000,0.000000,0.000000,0.000000,0.000000,0.000000,0.000000,0.000000,0.000000,0.000000,-1.000000,0.000000,0.000000,0.000000,0.000000,0.000000,0.000000,0.000000,-1.000000,0.000000,0.000000,0.000000,0.000000,0.000000,0.000000,0.000000
5415.091831,-4019.491089,80.549356,0.017997,-0.136369,0.011904,0.000000,0.000000,0.000000,-0.000000,0.000000,0.000000,0.000000,0.300000,0.300000,0.000000,0.000000,0.000000,0.000000,0.000000,0.000000,0.000000,0.000000,0.000000,0.000000,-1.000000,0.000000,0.000000,0.000000,0.000000,0.000000,0.000000,0.000000,-1.000000,0.000000,0.000000,0.000000,0.000000,0.000000,0.000000,0.000000
5414.750880,-4020.816447,80.559649,0.017933,-0.136300,0.011861,0.000000,0.000000,0.000000,-0.000000,0.000000,0.000000,0.000000,0.300000,0.300000,0.000000,0.000000,0.000000,0.000000,0.000000,0.000000,0.000000,0.000000,0.000000,0.000000,-1.000000,0.000000,0.000000,0.000000,0.000000,0.000000,0.000000,0.000000,-1.000000,0.000000,0.000000,0.000000,0.000000,0.000000,0.000000,0.000000
5414.410708,-4022.141259,80.569905,0.017869,-0.136231,0.011817,0.000000,0.000000,0.000000,-0.000000,0.000000,0.000000,0.000000,0.300000,0.300000,0.000000,0.000000,0.000000,0.000000,0.000000,0.000000,0.000000,0.000000,0.000000,0.000000,-1.000000,0.000000,0.000000,0.000000,0.000000,0.000000,0.000000,0.000000,-1.000000,0.000000,0.000000,0.000000,0.000000,0.000000,0.000000,0.000000
5414.071314,-4023.465525,80.580125,0.017805,-0.136162,0.011774,0.000000,0.000000,0.000000,-0.000000,0.000000,0.000000,0.000000,0.300000,0.300000,0.000000,0.000000,0.000000,0.000000,0.000000,0.000000,0.000000,0.000000,0.000000,0.000000,-1.000000,0.000000,0.000000,0.000000,0.000000,0.000000,0.000000,0.000000,-1.000000,0.000000,0.000000,0.000000,0.000000,0.000000,0.000000,0.000000
5413.732695,-4024.789244,80.590308,0.017741,-0.136094,0.011731,0.000000,0.000000,0.000000,-0.000000,0.000000,0.000000,0.000000,0.300000,0.300000,0.000000,0.000000,0.000000,0.000000,0.000000,0.000000,0.000000,0.000000,0.000000,0.000000,-1.000000,0.000000,0.000000,0.000000,0.000000,0.000000,0.000000,0.000000,-1.000000,0.000000,0.000000,0.000000,0.000000,0.000000,0.000000,0.000000
5413.394848,-4026.112418,80.600455,0.017677,-0.136025,0.011688,0.000000,0.000000,0.000000,-0.000000,0.000000,0.000000,0.000000,0.300000,0.300000,0.000000,0.000000,0.000000,0.000000,0.000000,0.000000,0.000000,0.000000,0.000000,0.000000,-1.000000,0.000000,0.000000,0.000000,0.000000,0.000000,0.000000,0.000000,-1.000000,0.000000,0.000000,0.000000,0.000000,0.000000,0.000000,0.000000
5413.057770,-4027.435045,80.610565,0.017614,-0.135957,0.011645,0.000000,0.000000,0.000000,-0.000000,0.000000,0.000000,0.000000,0.300000,0.300000,0.000000,0.000000,0.000000,0.000000,0.000000,0.000000,0.000000,0.000000,0.000000,0.000000,-1.000000,0.000000,0.000000,0.000000,0.000000,0.000000,0.000000,0.000000,-1.000000,0.000000,0.000000,0.000000,0.000000,0.000000,0.000000,0.000000
5412.721458,-4028.757126,80.620638,0.017550,-0.135888,0.011602,0.000000,0.000000,0.000000,-0.000000,0.000000,0.000000,0.000000,0.300000,0.300000,0.000000,0.000000,0.000000,0.000000,0.000000,0.000000,0.000000,0.000000,0.000000,0.000000,-1.000000,0.000000,0.000000,0.000000,0.000000,0.000000,0.000000,0.000000,-1.000000,0.000000,0.000000,0.000000,0.000000,0.000000,0.000000,0.000000
5412.385911,-4030.078660,80.630676,0.017487,-0.135820,0.011560,0.000000,0.000000,0.000000,-0.000000,0.000000,0.000000,0.000000,0.300000,0.300000,0.000000,0.000000,0.000000,0.000000,0.000000,0.000000,0.000000,0.000000,0.000000,0.000000,-1.000000,0.000000,0.000000,0.000000,0.000000,0.000000,0.000000,0.000000,-1.000000,0.000000,0.000000,0.000000,0.000000,0.000000,0.000000,0.000000
5412.051125,-4031.399648,80.640677,0.017424,-0.135752,0.011517,0.000000,0.000000,0.000000,-0.000000,0.000000,0.000000,0.000000,0.300000,0.300000,0.000000,0.000000,0.000000,0.000000,0.000000,0.000000,0.000000,0.000000,0.000000,0.000000,-1.000000,0.000000,0.000000,0.000000,0.000000,0.000000,0.000000,0.000000,-1.000000,0.000000,0.000000,0.000000,0.000000,0.000000,0.000000,0.000000
5411.717098,-4032.720089,80.650643,0.017362,-0.135683,0.011475,0.000000,0.000000,0.000000,-0.000000,0.000000,0.000000,0.000000,0.300000,0.300000,0.000000,0.000000,0.000000,0.000000,0.000000,0.000000,0.000000,0.000000,0.000000,0.000000,-1.000000,0.000000,0.000000,0.000000,0.000000,0.000000,0.000000,0.000000,-1.000000,0.000000,0.000000,0.000000,0.000000,0.000000,0.000000,0.000000
5411.383827,-4034.039984,80.660573,0.017299,-0.135615,0.011433,0.000000,0.000000,0.000000,-0.000000,0.000000,0.000000,0.000000,0.300000,0.300000,0.000000,0.000000,0.000000,0.000000,0.000000,0.000000,0.000000,0.000000,0.000000,0.000000,-1.000000,0.000000,0.000000,0.000000,0.000000,0.000000,0.000000,0.000000,-1.000000,0.000000,0.000000,0.000000,0.000000,0.000000,0.000000,0.000000
5411.051310,-4035.359331,80.670467,0.017237,-0.135547,0.011391,0.000000,0.000000,0.000000,-0.000000,0.000000,0.000000,0.000000,0.300000,0.300000,0.000000,0.000000,0.000000,0.000000,0.000000,0.000000,0.000000,0.000000,0.000000,0.000000,-1.000000,0.000000,0.000000,0.000000,0.000000,0.000000,0.000000,0.000000,-1.000000,0.000000,0.000000,0.000000,0.000000,0.000000,0.000000,0.000000
5410.719544,-4036.678133,80.680325,0.017175,-0.135479,0.011349,0.000000,0.000000,0.000000,-0.000000,0.000000,0.000000,0.000000,0.300000,0.300000,0.000000,0.000000,0.000000,0.000000,0.000000,0.000000,0.000000,0.000000,0.000000,0.000000,-1.000000,0.000000,0.000000,0.000000,0.000000,0.000000,0.000000,0.000000,-1.000000,0.000000,0.000000,0.000000,0.000000,0.000000,0.000000,0.000000
5410.388527,-4037.996387,80.690148,0.017113,-0.135411,0.011307,0.000000,0.000000,0.000000,-0.000000,0.000000,0.000000,0.000000,0.300000,0.300000,0.000000,0.000000,0.000000,0.000000,0.000000,0.000000,0.000000,0.000000,0.000000,0.000000,-1.000000,0.000000,0.000000,0.000000,0.000000,0.000000,0.000000,0.000000,-1.000000,0.000000,0.000000,0.000000,0.000000,0.000000,0.000000,0.000000
5410.058256,-4039.314095,80.699935,0.017052,-0.135343,0.011266,0.000000,0.000000,0.000000,-0.000000,0.000000,0.000000,0.000000,0.300000,0.300000,0.000000,0.000000,0.000000,0.000000,0.000000,0.000000,0.000000,0.000000,0.000000,0.000000,-1.000000,0.000000,0.000000,0.000000,0.000000,0.000000,0.000000,0.000000,-1.000000,0.000000,0.000000,0.000000,0.000000,0.000000,0.000000,0.000000
5409.728728,-4040.631256,80.709687,0.016990,-0.135275,0.011225,0.000000,0.000000,0.000000,-0.000000,0.000000,0.000000,0.000000,0.300000,0.300000,0.000000,0.000000,0.000000,0.000000,0.000000,0.000000,0.000000,0.000000,0.000000,0.000000,-1.000000,0.000000,0.000000,0.000000,0.000000,0.000000,0.000000,0.000000,-1.000000,0.000000,0.000000,0.000000,0.000000,0.000000,0.000000,0.000000
5409.399940,-4041.947870,80.719405,0.016929,-0.135207,0.011183,0.000000,0.000000,0.000000,-0.000000,0.000000,0.000000,0.000000,0.300000,0.300000,0.000000,0.000000,0.000000,0.000000,0.000000,0.000000,0.000000,0.000000,0.000000,0.000000,-1.000000,0.000000,0.000000,0.000000,0.000000,0.000000,0.000000,0.000000,-1.000000,0.000000,0.000000,0.000000,0.000000,0.000000,0.000000,0.000000
5409.071892,-4043.263937,80.729087,0.016868,-0.135140,0.011142,0.000000,0.000000,0.000000,-0.000000,0.000000,0.000000,0.000000,0.300000,0.300000,0.000000,0.000000,0.000000,0.000000,0.000000,0.000000,0.000000,0.000000,0.000000,0.000000,-1.000000,0.000000,0.000000,0.000000,0.000000,0.000000,0.000000,0.000000,-1.000000,0.000000,0.000000,0.000000,0.000000,0.000000,0.000000,0.000000
5408.744579,-4044.579457,80.738734,0.016807,-0.135072,0.011101,0.000000,0.000000,0.000000,-0.000000,0.000000,0.000000,0.000000,0.300000,0.300000,0.000000,0.000000,0.000000,0.000000,0.000000,0.000000,0.000000,0.000000,0.000000,0.000000,-1.000000,0.000000,0.000000,0.000000,0.000000,0.000000,0.000000,0.000000,-1.000000,0.000000,0.000000,0.000000,0.000000,0.000000,0.000000,0.000000
5408.417999,-4045.894431,80.748346,0.016746,-0.135004,0.011060,0.000000,0.000000,0.000000,-0.000000,0.000000,0.000000,0.000000,0.300000,0.300000,0.000000,0.000000,0.000000,0.000000,0.000000,0.000000,0.000000,0.000000,0.000000,0.000000,-1.000000,0.000000,0.000000,0.000000,0.000000,0.000000,0.000000,0.000000,-1.000000,0.000000,0.000000,0.000000,0.000000,0.000000,0.000000,0.000000
5408.092150,-4047.208857,80.757923,0.016686,-0.134937,0.011020,0.000000,0.000000,0.000000,-0.000000,0.000000,0.000000,0.000000,0.300000,0.300000,0.000000,0.000000,0.000000,0.000000,0.000000,0.000000,0.000000,0.000000,0.000000,0.000000,-1.000000,0.000000,0.000000,0.000000,0.000000,0.000000,0.000000,0.000000,-1.000000,0.000000,0.000000,0.000000,0.000000,0.000000,0.000000,0.000000
5407.767030,-4048.522736,80.767466,0.016625,-0.134869,0.010979,0.000000,0.000000,0.000000,-0.000000,0.000000,0.000000,0.000000,0.300000,0.300000,0.000000,0.000000,0.000000,0.000000,0.000000,0.000000,0.000000,0.000000,0.000000,0.000000,-1.000000,0.000000,0.000000,0.000000,0.000000,0.000000,0.000000,0.000000,-1.000000,0.000000,0.000000,0.000000,0.000000,0.000000,0.000000,0.000000
5407.442635,-4049.836068,80.776975,0.016565,-0.134802,0.010939,0.000000,0.000000,0.000000,-0.000000,0.000000,0.000000,0.000000,0.300000,0.300000,0.000000,0.000000,0.000000,0.000000,0.000000,0.000000,0.000000,0.000000,0.000000,0.000000,-1.000000,0.000000,0.000000,0.000000,0.000000,0.000000,0.000000,0.000000,-1.000000,0.000000,0.000000,0.000000,0.000000,0.000000,0.000000,0.000000
5407.118964,-4051.148853,80.786449,0.016506,-0.134734,0.010899,0.000000,0.000000,0.000000,-0.000000,0.000000,0.000000,0.000000,0.300000,0.300000,0.000000,0.000000,0.000000,0.000000,0.000000,0.000000,0.000000,0.000000,0.000000,0.000000,-1.000000,0.000000,0.000000,0.000000,0.000000,0.000000,0.000000,0.000000,-1.000000,0.000000,0.000000,0.000000,0.000000,0.000000,0.000000,0.000000
5406.796013,-4052.461091,80.795889,0.016446,-0.134667,0.010859,0.000000,0.000000,0.000000,-0.000000,0.000000,0.000000,0.000000,0.300000,0.300000,0.000000,0.000000,0.000000,0.000000,0.000000,0.000000,0.000000,0.000000,0.000000,0.000000,-1.000000,0.000000,0.000000,0.000000,0.000000,0.000000,0.000000,0.000000,-1.000000,0.000000,0.000000,0.000000,0.000000,0.000000,0.000000,0.000000
5406.473781,-4053.772782,80.805295,0.016386,-0.134600,0.010819,0.000000,0.000000,0.000000,-0.000000,0.000000,0.000000,0.000000,0.300000,0.300000,0.000000,0.000000,0.000000,0.000000,0.000000,0.000000,0.000000,0.000000,0.000000,0.000000,-1.000000,0.000000,0.000000,0.000000,0.000000,0.000000,0.000000,0.000000,-1.000000,0.000000,0.000000,0.000000,0.000000,0.000000,0.000000,0.000000
5406.152265,-4055.083925,80.814666,0.016327,-0.134533,0.010779,0.000000,0.000000,0.000000,-0.000000,0.000000,0.000000,0.000000,0.300000,0.300000,0.000000,0.000000,0.000000,0.000000,0.000000,0.000000,0.000000,0.000000,0.000000,0.000000,-1.000000,0.000000,0.000000,0.000000,0.000000,0.000000,0.000000,0.000000,-1.000000,0.000000,0.000000,0.000000,0.000000,0.000000,0.000000,0.000000
5405.831462,-4056.394522,80.824004,0.016268,-0.134466,0.010739,0.000000,0.000000,0.000000,-0.000000,0.000000,0.000000,0.000000,0.300000,0.300000,0.000000,0.000000,0.000000,0.000000,0.000000,0.000000,0.000000,0.000000,0.000000,0.000000,-1.000000,0.000000,0.000000,0.000000,0.000000,0.000000,0.000000,0.000000,-1.000000,0.000000,0.000000,0.000000,0.000000,0.000000,0.000000,0.000000
5405.511371,-4057.704571,80.833308,0.016209,-0.134398,0.010700,0.000000,0.000000,0.000000,-0.000000,0.000000,0.000000,0.000000,0.300000,0.300000,0.000000,0.000000,0.000000,0.000000,0.000000,0.000000,0.000000,0.000000,0.000000,0.000000,-1.000000,0.000000,0.000000,0.000000,0.000000,0.000000,0.000000,0.000000,-1.000000,0.000000,0.000000,0.000000,0.000000,0.000000,0.000000,0.000000
5405.191988,-4059.014073,80.842578,0.016150,-0.134331,0.010660,0.000000,0.000000,0.000000,-0.000000,0.000000,0.000000,0.000000,0.300000,0.300000,0.000000,0.000000,0.000000,0.000000,0.000000,0.000000,0.000000,0.000000,0.000000,0.000000,-1.000000,0.000000,0.000000,0.000000,0.000000,0.000000,0.000000,0.000000,-1.000000,0.000000,0.000000,0.000000,0.000000,0.000000,0.000000,0.000000
